Date,Client,Project,Project Code,Task,Hours,Hours Rounded,Billable?,Invoiced?,Approved?,First Name,Last Name,Department,Employee?,Billable Rate,Cost Rate,Cost Amount,Currency,External Reference URL
,,,,,,,,,,,,,,,,,,
4/3/17,Twitri,CLOB Rearchitecture,BGC001,Project Management, 6.26 ,6,Yes,Yes,Yes,Walter,Silva,Product,Yes,50,0,0,United States Dollar - USD,
,,,,,,,,,,,,,,,,,,
4/3/17,Roonder Technologies LLC,Roonder 3.0,TM001,Project Management, 1.80 ,1.5,Yes,Yes,Yes,Walter,Silva,Product,Yes,70,0,0,United States Dollar - USD,
,,,,,,,,,,,,,,,,,,
4/3/17,Prosaria,Business Development,GM001,Business Development, 0.92 ,1,No,No,Yes,Walter,Silva,Product,Yes,0,0,0,United States Dollar - USD,
,,,,,,,,,,,,,,,,,,
4/3/17,Prosaria,Conference/Training,GM005,Conference/Training, 7.97 ,8,No,No,Yes,Tabitha,Jenkins,,Yes,0,0,0,United States Dollar - USD,
,,,,,,,,,,,,,,,,,,
4/3/17,Olith,Pharos,DV002,Engineering, 7.69 ,8,Yes,Yes,Yes,Hubert,Green,Engineering,Yes,80,0,0,United States Dollar - USD,
,,,,,,,,,,,,,,,,,,
4/3/17,Twitri,CLOB Rearchitecture,BGC001,Business Relationship Management, 2.54 ,3,No,Yes,Yes,Tommy,Nash,,Yes,0,0,0,United States Dollar - USD,
,,,,,,,,,,,,,,,,,,
4/3/17,Prosaria,Team Development (Non-Training),GM006,Business Development, 3.29 ,3,No,No,Yes,Tommy,Nash,,Yes,0,0,0,United States Dollar - USD,
,,,,,,,,,,,,,,,,,,
4/3/17,Prosaria,Admin/Legal,GM002,Legal, 2.21 ,2,No,No,Yes,Tommy,Nash,,Yes,0,0,0,United States Dollar - USD,
,,,,,,,,,,,,,,,,,,
4/3/17,Twitri,CLOB Rearchitecture,BGC001,Engineering, 8.14 ,8,Yes,Yes,Yes,Eugene,Kim,,Yes,70,0,0,United States Dollar - USD,
,,,,,,,,,,,,,,,,,,
4/3/17,Twitri,CLOB Rearchitecture,BGC001,Engineering, 8.01 ,8,Yes,Yes,Yes,Emma,Clarke,,Yes,50,0,0,United States Dollar - USD,
,,,,,,,,,,,,,,,,,,
4/3/17,Olith,Pharos,DV002,Engineering, 4.46 ,4,Yes,Yes,Yes,Bradley,Hale,,Yes,80,0,0,United States Dollar - USD,
,,,,,,,,,,,,,,,,,,
4/3/17,Prosaria,Conference/Training,GM005,Conference/Training, 3.84 ,4,No,No,Yes,Bradley,Hale,,Yes,0,0,0,United States Dollar - USD,
,,,,,,,,,,,,,,,,,,
4/3/17,Prosaria,Admin/Legal,GM002,Engineering, 2.11 ,2,No,No,Yes,Bradley,Hale,,Yes,0,0,0,United States Dollar - USD,
,,,,,,,,,,,,,,,,,,
4/3/17,Olith,Pharos,DV002,Engineering, 7.57 ,8,Yes,Yes,Yes,Rudy,Parker,Engineering,Yes,80,0,0,United States Dollar - USD,
,,,,,,,,,,,,,,,,,,
4/3/17,Roonder Technologies LLC,Roonder 3.0,TM001,Engineering, 7.73 ,8,Yes,Yes,Yes,Faye,Cain,,Yes,70,0,0,United States Dollar - USD,
,,,,,,,,,,,,,,,,,,
4/3/17,Prosaria,Paid Time Off,GM003,PTO, 7.87 ,8,No,No,Yes,Neal,Gordon,,Yes,0,0,0,United States Dollar - USD,
,,,,,,,,,,,,,,,,,,
4/3/17,Anil,Ethereum,RD001,Engineering, 3.84 ,4,No,No,Yes,Robert,Powell,,Yes,0,0,0,United States Dollar - USD,
,,,,,,,,,,,,,,,,,,
4/3/17,Prosaria,Team Development (Non-Training),GM006,Business Development, 3.96 ,4,No,No,Yes,Robert,Powell,,Yes,0,0,0,United States Dollar - USD,
,,,,,,,,,,,,,,,,,,
4/4/17,Olith,Pharos,DV002,Engineering, 5.77 ,6,Yes,Yes,Yes,Bradley,Hale,,Yes,80,0,0,United States Dollar - USD,
,,,,,,,,,,,,,,,,,,
4/4/17,Olith,Pharos,DV002,Business Relationship Management, 0.52 ,1,No,No,Yes,Tommy,Nash,,Yes,0,0,0,United States Dollar - USD,
,,,,,,,,,,,,,,,,,,
4/4/17,Roonder Technologies LLC,Roonder 3.0,TM001,Project Management, 2.30 ,2,Yes,Yes,Yes,Walter,Silva,Product,Yes,70,0,0,United States Dollar - USD,
,,,,,,,,,,,,,,,,,,
4/4/17,Twitri,CLOB Rearchitecture,BGC001,Project Management, 1.53 ,2,Yes,Yes,Yes,Walter,Silva,Product,Yes,50,0,0,United States Dollar - USD,
,,,,,,,,,,,,,,,,,,
4/4/17,Prosaria,Business Development,GM001,Business Development, 2.48 ,2,No,No,Yes,Tommy,Nash,,Yes,0,0,0,United States Dollar - USD,
,,,,,,,,,,,,,,,,,,
4/4/17,Twitri,CLOB Rearchitecture,BGC001,Business Relationship Management, 1.00 ,1,No,Yes,Yes,Tommy,Nash,,Yes,0,0,0,United States Dollar - USD,
,,,,,,,,,,,,,,,,,,
4/4/17,Prosaria,Team Development (Non-Training),GM006,Business Development, 1.99 ,1.5,No,No,Yes,Tommy,Nash,,Yes,0,0,0,United States Dollar - USD,
,,,,,,,,,,,,,,,,,,
4/4/17,Audosis,Project Wildfire,Audosis003,Business Relationship Management, 2.48 ,2,No,No,Yes,Tommy,Nash,,Yes,0,0,0,United States Dollar - USD,
,,,,,,,,,,,,,,,,,,
4/4/17,Prosaria,Business Development,GM001,Business Development, 4.17 ,4,No,No,Yes,Walter,Silva,Product,Yes,0,0,0,United States Dollar - USD,
,,,,,,,,,,,,,,,,,,
4/4/17,Audosis,Project Wildfire,Audosis003,Project Management, 0.39 ,0.5,Yes,Yes,Yes,Walter,Silva,Product,Yes,70,0,0,United States Dollar - USD,
,,,,,,,,,,,,,,,,,,
4/4/17,Meecee,Google Drive Integration,FSG03,Business Relationship Management, 0.76 ,0.5,No,No,Yes,Tommy,Nash,,Yes,0,0,0,United States Dollar - USD,
,,,,,,,,,,,,,,,,,,
4/4/17,Anil,Ethereum,RD001,Engineering, 8.15 ,8,No,No,Yes,Tabitha,Jenkins,,Yes,0,0,0,United States Dollar - USD,
,,,,,,,,,,,,,,,,,,
4/4/17,Olith,Pharos,DV002,Engineering, 7.96 ,8,Yes,Yes,Yes,Hubert,Green,Engineering,Yes,80,0,0,United States Dollar - USD,
,,,,,,,,,,,,,,,,,,
4/4/17,Olith,Pharos,DV002,Engineering, 7.95 ,8,Yes,Yes,Yes,Rudy,Parker,Engineering,Yes,80,0,0,United States Dollar - USD,
,,,,,,,,,,,,,,,,,,
4/4/17,Twitri,CLOB Rearchitecture,BGC001,Engineering, 8.06 ,8.5,Yes,Yes,Yes,Eugene,Kim,,Yes,70,0,0,United States Dollar - USD,
,,,,,,,,,,,,,,,,,,
4/4/17,Twitri,CLOB Rearchitecture,BGC001,Engineering, 8.03 ,8,Yes,Yes,Yes,Emma,Clarke,,Yes,50,0,0,United States Dollar - USD,
,,,,,,,,,,,,,,,,,,
4/4/17,Anil,Ethereum,RD001,Design, 8.39 ,8,No,No,Yes,Bernice,Rivera,,Yes,0,0,0,United States Dollar - USD,
,,,,,,,,,,,,,,,,,,
4/4/17,Roonder Technologies LLC,Roonder 3.0,TM001,Engineering, 7.63 ,8,Yes,Yes,Yes,Faye,Cain,,Yes,70,0,0,United States Dollar - USD,
,,,,,,,,,,,,,,,,,,
4/4/17,Prosaria,Conference/Training,GM005,Conference/Training, 4.35 ,4,No,No,Yes,Neal,Gordon,,Yes,0,0,0,United States Dollar - USD,
,,,,,,,,,,,,,,,,,,
4/4/17,Roonder Technologies LLC,Roonder 3.0,TM001,Engineering, 3.78 ,4,Yes,Yes,Yes,Neal,Gordon,,Yes,70,0,0,United States Dollar - USD,
,,,,,,,,,,,,,,,,,,
4/4/17,Anil,Ethereum,RD001,Engineering, 1.97 ,2,No,No,Yes,Robert,Powell,,Yes,0,0,0,United States Dollar - USD,
,,,,,,,,,,,,,,,,,,
4/4/17,Audosis,Project Wildfire,Audosis003,Engineering, 1.59 ,2,Yes,Yes,Yes,Robert,Powell,,Yes,70,0,0,United States Dollar - USD,
,,,,,,,,,,,,,,,,,,
4/4/17,Anil,Ethereum,RD001,Engineering, 4.21 ,4,No,No,Yes,Robert,Powell,,Yes,0,0,0,United States Dollar - USD,
,,,,,,,,,,,,,,,,,,
4/5/17,Olith,Pharos,DV002,Engineering, 8.20 ,8,Yes,Yes,Yes,Bradley,Hale,,Yes,80,0,0,United States Dollar - USD,
,,,,,,,,,,,,,,,,,,
4/5/17,Roonder Technologies LLC,Roonder 3.0,TM001,Engineering, 8.94 ,9,Yes,Yes,Yes,Faye,Cain,,Yes,70,0,0,United States Dollar - USD,
,,,,,,,,,,,,,,,,,,
4/5/17,Prosaria,Conference/Training,GM005,Conference/Training, 4.34 ,4,No,No,Yes,Catherine,Ford,,Yes,0,0,0,United States Dollar - USD,
,,,,,,,,,,,,,,,,,,
4/5/17,Audosis,Project Wildfire,Audosis003,Product Management, 2.27 ,2,Yes,Yes,Yes,Walter,Silva,Product,Yes,70,0,0,United States Dollar - USD,
,,,,,,,,,,,,,,,,,,
4/5/17,Twitri,CLOB Rearchitecture,BGC001,Product Management, 1.55 ,2,Yes,Yes,Yes,Walter,Silva,Product,Yes,50,0,0,United States Dollar - USD,
,,,,,,,,,,,,,,,,,,
4/5/17,Prosaria,Business Development,GM001,Business Development, 0.27 ,0.5,No,No,Yes,Walter,Silva,Product,Yes,0,0,0,United States Dollar - USD,
,,,,,,,,,,,,,,,,,,
4/5/17,Roonder Technologies LLC,Roonder 3.0,TM001,Project Management, 1.55 ,2,Yes,Yes,Yes,Walter,Silva,Product,Yes,70,0,0,United States Dollar - USD,
,,,,,,,,,,,,,,,,,,
4/5/17,Anil,Ethereum,RD001,Design, 7.94 ,8,No,No,Yes,Bernice,Rivera,,Yes,0,0,0,United States Dollar - USD,
,,,,,,,,,,,,,,,,,,
4/5/17,Roonder Technologies LLC,Roonder 3.0,TM001,Engineering, 2.71 ,3,Yes,Yes,Yes,Neal,Gordon,,Yes,70,0,0,United States Dollar - USD,
,,,,,,,,,,,,,,,,,,
4/5/17,Anil,Ethereum,RD001,Engineering, 5.05 ,5,No,No,Yes,Neal,Gordon,,Yes,0,0,0,United States Dollar - USD,
,,,,,,,,,,,,,,,,,,
4/5/17,Audosis,Project Wildfire,Audosis003,Engineering, 3.39 ,3,Yes,Yes,Yes,Tommy,Nash,,Yes,70,0,0,United States Dollar - USD,
,,,,,,,,,,,,,,,,,,
4/5/17,Audosis,Project Wildfire,Audosis003,Project Management, 0.87 ,1,Yes,Yes,Yes,Walter,Silva,Product,Yes,70,0,0,United States Dollar - USD,
,,,,,,,,,,,,,,,,,,
4/5/17,Olith,Pharos,DV002,Engineering, 7.56 ,8,Yes,Yes,Yes,Hubert,Green,Engineering,Yes,80,0,0,United States Dollar - USD,
,,,,,,,,,,,,,,,,,,
4/5/17,Anil,Ethereum,RD001,Engineering, 8.28 ,8,No,No,Yes,Tabitha,Jenkins,,Yes,0,0,0,United States Dollar - USD,
,,,,,,,,,,,,,,,,,,
4/5/17,Twitri,CLOB Rearchitecture,BGC001,Engineering, 8.08 ,8,Yes,Yes,Yes,Emma,Clarke,,Yes,50,0,0,United States Dollar - USD,
,,,,,,,,,,,,,,,,,,
4/5/17,Twitri,CLOB Rearchitecture,BGC001,Engineering, 8.82 ,8.5,Yes,Yes,Yes,Eugene,Kim,,Yes,70,0,0,United States Dollar - USD,
,,,,,,,,,,,,,,,,,,
4/5/17,Prosaria,Team Development (Non-Training),GM006,Business Development, 1.67 ,2,No,No,Yes,Tommy,Nash,,Yes,0,0,0,United States Dollar - USD,
,,,,,,,,,,,,,,,,,,
4/5/17,Prosaria,Business Development,GM001,Business Development, 1.50 ,1.5,No,No,Yes,Tommy,Nash,,Yes,0,0,0,United States Dollar - USD,
,,,,,,,,,,,,,,,,,,
4/5/17,Prosaria,Team Development (Non-Training),GM006,Business Development, 1.18 ,1.5,No,No,Yes,Tommy,Nash,,Yes,0,0,0,United States Dollar - USD,
,,,,,,,,,,,,,,,,,,
4/5/17,Anil,Ethereum,RD001,Engineering, 2.66 ,3,No,No,Yes,Robert,Powell,,Yes,0,0,0,United States Dollar - USD,
,,,,,,,,,,,,,,,,,,
4/5/17,Audosis,Project Wildfire,Audosis003,Engineering, 3.01 ,3,Yes,Yes,Yes,Robert,Powell,,Yes,70,0,0,United States Dollar - USD,
,,,,,,,,,,,,,,,,,,
4/5/17,Audosis,Project Wildfire,Audosis003,Engineering, 2.20 ,2,Yes,Yes,Yes,Robert,Powell,,Yes,70,0,0,United States Dollar - USD,
,,,,,,,,,,,,,,,,,,
4/5/17,Roonder Technologies LLC,Roonder 3.0,TM001,Engineering, 4.03 ,4,Yes,Yes,Yes,Catherine,Ford,,Yes,70,0,0,United States Dollar - USD,
,,,,,,,,,,,,,,,,,,
4/5/17,Olith,Pharos,DV002,Engineering, 7.61 ,8,Yes,Yes,Yes,Rudy,Parker,Engineering,Yes,80,0,0,United States Dollar - USD,
,,,,,,,,,,,,,,,,,,
4/6/17,Olith,Pharos,DV002,Engineering, 8.93 ,9,Yes,Yes,Yes,Bradley,Hale,,Yes,80,0,0,United States Dollar - USD,
,,,,,,,,,,,,,,,,,,
4/6/17,Olith,Pharos,DV002,Engineering, 8.04 ,8,Yes,Yes,Yes,Hubert,Green,Engineering,Yes,80,0,0,United States Dollar - USD,
,,,,,,,,,,,,,,,,,,
4/6/17,Anil,Ethereum,RD001,Engineering, 7.81 ,8,No,No,Yes,Tabitha,Jenkins,,Yes,0,0,0,United States Dollar - USD,
,,,,,,,,,,,,,,,,,,
4/6/17,Audosis,Project Wildfire,Audosis003,Product Management, 4.50 ,4.5,Yes,Yes,Yes,Walter,Silva,Product,Yes,70,0,0,United States Dollar - USD,
,,,,,,,,,,,,,,,,,,
4/6/17,Twitri,CLOB Rearchitecture,BGC001,Product Management, 3.01 ,3,Yes,Yes,Yes,Walter,Silva,Product,Yes,50,0,0,United States Dollar - USD,
,,,,,,,,,,,,,,,,,,
4/6/17,Roonder Technologies LLC,Roonder 3.0,TM001,Project Management, 0.92 ,0.5,Yes,Yes,Yes,Walter,Silva,Product,Yes,70,0,0,United States Dollar - USD,
,,,,,,,,,,,,,,,,,,
4/6/17,Prosaria,Business Development,GM001,Business Development, 1.25 ,1,No,No,Yes,Walter,Silva,Product,Yes,0,0,0,United States Dollar - USD,
,,,,,,,,,,,,,,,,,,
4/6/17,Twitri,CLOB Rearchitecture,BGC001,Engineering, 7.88 ,8,Yes,Yes,Yes,Emma,Clarke,,Yes,50,0,0,United States Dollar - USD,
,,,,,,,,,,,,,,,,,,
4/6/17,Twitri,CLOB Rearchitecture,BGC001,Engineering, 1.94 ,1.5,Yes,Yes,Yes,Eugene,Kim,,Yes,70,0,0,United States Dollar - USD,
,,,,,,,,,,,,,,,,,,
4/6/17,Twitri,CLOB Rearchitecture,BGC001,Engineering, 6.04 ,6.5,Yes,Yes,Yes,Eugene,Kim,,Yes,70,0,0,United States Dollar - USD,
,,,,,,,,,,,,,,,,,,
4/6/17,Audosis,Project Wildfire,Audosis003,Engineering, 4.34 ,4,Yes,Yes,Yes,Tommy,Nash,,Yes,70,0,0,United States Dollar - USD,
,,,,,,,,,,,,,,,,,,
4/6/17,Prosaria,Business Development,GM001,Business Development, 1.01 ,1.5,No,No,Yes,Tommy,Nash,,Yes,0,0,0,United States Dollar - USD,
,,,,,,,,,,,,,,,,,,
4/6/17,Roonder Technologies LLC,Roonder 3.0,TM001,Engineering, 8.91 ,9,Yes,Yes,Yes,Faye,Cain,,Yes,70,0,0,United States Dollar - USD,
,,,,,,,,,,,,,,,,,,
4/6/17,Anil,Ethereum,RD001,Engineering, 1.85 ,2,No,No,Yes,Neal,Gordon,,Yes,0,0,0,United States Dollar - USD,
,,,,,,,,,,,,,,,,,,
4/6/17,Roonder Technologies LLC,Roonder 3.0,TM001,Engineering, 6.08 ,6,Yes,Yes,Yes,Neal,Gordon,,Yes,70,0,0,United States Dollar - USD,
,,,,,,,,,,,,,,,,,,
4/6/17,Audosis,Project Wildfire,Audosis003,Engineering, 2.82 ,3,Yes,Yes,Yes,Robert,Powell,,Yes,70,0,0,United States Dollar - USD,
,,,,,,,,,,,,,,,,,,
4/6/17,Audosis,Project Wildfire,Audosis003,Engineering, 1.05 ,1.5,Yes,Yes,Yes,Robert,Powell,,Yes,70,0,0,United States Dollar - USD,
,,,,,,,,,,,,,,,,,,
4/6/17,Audosis,Project Wildfire,Audosis003,Engineering, 3.73 ,3.5,Yes,Yes,Yes,Robert,Powell,,Yes,70,0,0,United States Dollar - USD,
,,,,,,,,,,,,,,,,,,
4/6/17,Roonder Technologies LLC,Roonder 3.0,TM001,Engineering, 7.83 ,8,Yes,Yes,Yes,Catherine,Ford,,Yes,70,0,0,United States Dollar - USD,
,,,,,,,,,,,,,,,,,,
4/6/17,Olith,Pharos,DV002,Engineering, 9.40 ,9,Yes,Yes,Yes,Rudy,Parker,Engineering,Yes,80,0,0,United States Dollar - USD,
,,,,,,,,,,,,,,,,,,
4/6/17,Twitri,CLOB Rearchitecture,BGC001,Business Relationship Management, 0.92 ,1,No,Yes,Yes,Tommy,Nash,,Yes,0,0,0,United States Dollar - USD,
,,,,,,,,,,,,,,,,,,
4/6/17,Audosis,Project Wildfire,Audosis003,Business Relationship Management, 0.13 ,0.5,No,No,Yes,Tommy,Nash,,Yes,0,0,0,United States Dollar - USD,
,,,,,,,,,,,,,,,,,,
4/6/17,Prosaria,Business Development,GM001,Business Development, 1.22 ,1,No,No,Yes,Tommy,Nash,,Yes,0,0,0,United States Dollar - USD,
,,,,,,,,,,,,,,,,,,
4/6/17,Prosaria,Paid Time Off,GM003,PTO, 7.57 ,8,No,No,Yes,Bernice,Rivera,,Yes,0,0,0,United States Dollar - USD,
,,,,,,,,,,,,,,,,,,
4/7/17,Olith,Pharos,DV002,Engineering, 5.03 ,5,Yes,Yes,Yes,Bradley,Hale,,Yes,80,0,0,United States Dollar - USD,
,,,,,,,,,,,,,,,,,,
4/7/17,Prosaria,Admin/Legal,GM002,Engineering, 4.40 ,4,No,No,Yes,Bradley,Hale,,Yes,0,0,0,United States Dollar - USD,
,,,,,,,,,,,,,,,,,,
4/7/17,Roonder Technologies LLC,Roonder 3.0,TM001,Engineering, 5.91 ,6,Yes,Yes,Yes,Faye,Cain,,Yes,70,0,0,United States Dollar - USD,
,,,,,,,,,,,,,,,,,,
4/7/17,Roonder Technologies LLC,Roonder 3.0,TM001,Engineering, 7.65 ,8,Yes,Yes,Yes,Catherine,Ford,,Yes,70,0,0,United States Dollar - USD,
,,,,,,,,,,,,,,,,,,
4/7/17,Prosaria,Team Development (Non-Training),GM006,Business Development, 1.86 ,2,No,No,Yes,Faye,Cain,,Yes,0,0,0,United States Dollar - USD,
,,,,,,,,,,,,,,,,,,
4/7/17,Roonder Technologies LLC,Roonder 3.0,TM001,Engineering, 5.49 ,5,Yes,Yes,Yes,Neal,Gordon,,Yes,70,0,0,United States Dollar - USD,
,,,,,,,,,,,,,,,,,,
4/7/17,Prosaria,Business Development,GM001,Business Development, 2.78 ,3,No,No,Yes,Neal,Gordon,,Yes,0,0,0,United States Dollar - USD,
,,,,,,,,,,,,,,,,,,
4/7/17,Olith,Pharos,DV002,Engineering, 8.05 ,8,Yes,Yes,Yes,Hubert,Green,Engineering,Yes,80,0,0,United States Dollar - USD,
,,,,,,,,,,,,,,,,,,
4/7/17,Olith,Pharos,DV002,Engineering, 3.78 ,4,Yes,Yes,Yes,Rudy,Parker,Engineering,Yes,80,0,0,United States Dollar - USD,
,,,,,,,,,,,,,,,,,,
4/7/17,Audosis,Project Wildfire,Audosis003,Engineering, 7.89 ,8,Yes,Yes,Yes,Robert,Powell,,Yes,70,0,0,United States Dollar - USD,
,,,,,,,,,,,,,,,,,,
4/7/17,Twitri,CLOB Rearchitecture,BGC001,Engineering, 8.58 ,9,Yes,Yes,Yes,Eugene,Kim,,Yes,70,0,0,United States Dollar - USD,
,,,,,,,,,,,,,,,,,,
4/7/17,Anil,Ethereum,RD001,Engineering, 8.03 ,8,No,No,Yes,Tabitha,Jenkins,,Yes,0,0,0,United States Dollar - USD,
,,,,,,,,,,,,,,,,,,
4/7/17,Prosaria,Team Development (Non-Training),GM006,Business Development, 2.00 ,2,No,No,Yes,Tommy,Nash,,Yes,0,0,0,United States Dollar - USD,
,,,,,,,,,,,,,,,,,,
4/7/17,Prosaria,Business Development,GM001,Business Development, 1.29 ,1.5,No,No,Yes,Tommy,Nash,,Yes,0,0,0,United States Dollar - USD,
,,,,,,,,,,,,,,,,,,
4/7/17,Prosaria,Team Development (Non-Training),GM006,Business Development, 1.64 ,2,No,No,Yes,Tommy,Nash,,Yes,0,0,0,United States Dollar - USD,
,,,,,,,,,,,,,,,,,,
4/7/17,Prosaria,Business Development,GM001,Business Development, 1.09 ,1,No,No,Yes,Tommy,Nash,,Yes,0,0,0,United States Dollar - USD,
,,,,,,,,,,,,,,,,,,
4/7/17,Olith,Pharos,DV002,Business Relationship Management, 0.84 ,0.5,No,No,Yes,Tommy,Nash,,Yes,0,0,0,United States Dollar - USD,
,,,,,,,,,,,,,,,,,,
4/7/17,Twitri,CLOB Rearchitecture,BGC001,Business Relationship Management, 1.39 ,1,No,Yes,Yes,Tommy,Nash,,Yes,0,0,0,United States Dollar - USD,
,,,,,,,,,,,,,,,,,,
4/7/17,Twitri,CLOB Rearchitecture,BGC001,Engineering, 7.59 ,8,Yes,Yes,Yes,Emma,Clarke,,Yes,50,0,0,United States Dollar - USD,
,,,,,,,,,,,,,,,,,,
4/7/17,Roonder Technologies LLC,Roonder 3.0,TM001,Project Management, 2.11 ,2.5,Yes,Yes,Yes,Walter,Silva,Product,Yes,70,0,0,United States Dollar - USD,
,,,,,,,,,,,,,,,,,,
4/7/17,Twitri,CLOB Rearchitecture,BGC001,Project Management, 3.35 ,3.5,Yes,Yes,Yes,Walter,Silva,Product,Yes,50,0,0,United States Dollar - USD,
,,,,,,,,,,,,,,,,,,
4/7/17,Prosaria,Business Development,GM001,Business Development, 3.92 ,4,No,No,Yes,Walter,Silva,Product,Yes,0,0,0,United States Dollar - USD,
,,,,,,,,,,,,,,,,,,
4/7/17,Anil,React Native,RD002,Engineering, 2.81 ,3,No,No,Yes,Rudy,Parker,Engineering,Yes,0,0,0,United States Dollar - USD,
,,,,,,,,,,,,,,,,,,
4/10/17,Prosaria,Admin/Legal,GM002,Dunning, 8.16 ,8,No,No,Yes,Bradley,Hale,,Yes,0,0,0,United States Dollar - USD,
,,,,,,,,,,,,,,,,,,
4/10/17,Prosaria,Conference/Training,GM005,Conference/Training, 7.62 ,8,No,No,Yes,Faye,Cain,,Yes,0,0,0,United States Dollar - USD,
,,,,,,,,,,,,,,,,,,
4/10/17,Olith,Pharos,DV002,Engineering, 8.47 ,8,Yes,Yes,Yes,Hubert,Green,Engineering,Yes,80,0,0,United States Dollar - USD,
,,,,,,,,,,,,,,,,,,
4/10/17,Twitri,CLOB Rearchitecture,BGC001,Business Relationship Management, 4.19 ,4,No,Yes,Yes,Tommy,Nash,,Yes,0,0,0,United States Dollar - USD,
,,,,,,,,,,,,,,,,,,
4/10/17,Audosis,Project Wildfire,Audosis003,Engineering, 2.10 ,2,Yes,Yes,Yes,Tommy,Nash,,Yes,70,0,0,United States Dollar - USD,
,,,,,,,,,,,,,,,,,,
4/10/17,Roonder Technologies LLC,Roonder 3.0,TM001,Engineering, 8.48 ,8,Yes,Yes,Yes,Catherine,Ford,,Yes,70,0,0,United States Dollar - USD,
,,,,,,,,,,,,,,,,,,
4/10/17,Prosaria,Conference/Training,GM005,Conference/Training, 1.13 ,1,No,No,Yes,Tommy,Nash,,Yes,0,0,0,United States Dollar - USD,
,,,,,,,,,,,,,,,,,,
4/10/17,Twitri,CLOB Rearchitecture,BGC001,Project Management, 5.54 ,6,Yes,Yes,Yes,Walter,Silva,Product,Yes,50,0,0,United States Dollar - USD,
,,,,,,,,,,,,,,,,,,
4/10/17,Roonder Technologies LLC,Roonder 3.0,TM001,Project Management, 1.44 ,1,Yes,Yes,Yes,Walter,Silva,Product,Yes,70,0,0,United States Dollar - USD,
,,,,,,,,,,,,,,,,,,
4/10/17,Prosaria,Business Development,GM001,Business Development, 1.08 ,1,No,No,Yes,Walter,Silva,Product,Yes,0,0,0,United States Dollar - USD,
,,,,,,,,,,,,,,,,,,
4/10/17,Audosis,Project Wildfire,Audosis003,Project Management, 1.33 ,1,Yes,Yes,Yes,Walter,Silva,Product,Yes,70,0,0,United States Dollar - USD,
,,,,,,,,,,,,,,,,,,
4/10/17,Anil,Ethereum,RD001,Engineering, 7.72 ,8,No,No,Yes,Tabitha,Jenkins,,Yes,0,0,0,United States Dollar - USD,
,,,,,,,,,,,,,,,,,,
4/10/17,Prosaria,Admin/Legal,GM002,Legal, 0.12 ,0.5,No,No,Yes,Tommy,Nash,,Yes,0,0,0,United States Dollar - USD,
,,,,,,,,,,,,,,,,,,
4/10/17,Prosaria,Business Development,GM001,Business Development, 0.58 ,0.5,No,No,Yes,Tommy,Nash,,Yes,0,0,0,United States Dollar - USD,
,,,,,,,,,,,,,,,,,,
4/10/17,Olith,Pharos,DV002,Engineering, 7.95 ,8,Yes,Yes,Yes,Rudy,Parker,Engineering,Yes,80,0,0,United States Dollar - USD,
,,,,,,,,,,,,,,,,,,
4/10/17,Twitri,CLOB Rearchitecture,BGC001,Engineering, 5.84 ,6,Yes,Yes,Yes,Eugene,Kim,,Yes,70,0,0,United States Dollar - USD,
,,,,,,,,,,,,,,,,,,
4/10/17,Twitri,CLOB Rearchitecture,BGC001,Engineering, 8.04 ,8,Yes,Yes,Yes,Emma,Clarke,,Yes,50,0,0,United States Dollar - USD,
,,,,,,,,,,,,,,,,,,
4/10/17,Audosis,Project Wildfire,Audosis003,Engineering, 8.24 ,8,Yes,Yes,Yes,Robert,Powell,,Yes,70,0,0,United States Dollar - USD,
,,,,,,,,,,,,,,,,,,
4/10/17,Roonder Technologies LLC,Roonder 3.0,TM001,Engineering, 7.97 ,8,Yes,Yes,Yes,Neal,Gordon,,Yes,70,0,0,United States Dollar - USD,
,,,,,,,,,,,,,,,,,,
4/11/17,Prosaria,Paid Time Off,GM003,PTO, 7.78 ,8,No,No,Yes,Bradley,Hale,,Yes,0,0,0,United States Dollar - USD,
,,,,,,,,,,,,,,,,,,
4/11/17,Prosaria,Conference/Training,GM005,Conference/Training, 8.49 ,8,No,No,Yes,Faye,Cain,,Yes,0,0,0,United States Dollar - USD,
,,,,,,,,,,,,,,,,,,
4/11/17,Prosaria,Conference/Training,GM005,Conference/Training, 7.75 ,8,No,No,Yes,Tommy,Nash,,Yes,0,0,0,United States Dollar - USD,
,,,,,,,,,,,,,,,,,,
4/11/17,Olith,Pharos,DV002,Engineering, 8.00 ,8,Yes,Yes,Yes,Hubert,Green,Engineering,Yes,80,0,0,United States Dollar - USD,
,,,,,,,,,,,,,,,,,,
4/11/17,Roonder Technologies LLC,Roonder 3.0,TM001,Engineering, 8.47 ,8,Yes,Yes,Yes,Catherine,Ford,,Yes,70,0,0,United States Dollar - USD,
,,,,,,,,,,,,,,,,,,
4/11/17,Audosis,Project Wildfire,Audosis003,Engineering, 6.37 ,6,Yes,Yes,Yes,Robert,Powell,,Yes,70,0,0,United States Dollar - USD,
,,,,,,,,,,,,,,,,,,
4/11/17,Audosis,Project Wildfire,Audosis003,Engineering, 2.14 ,2,Yes,Yes,Yes,Robert,Powell,,Yes,70,0,0,United States Dollar - USD,
,,,,,,,,,,,,,,,,,,
4/11/17,Olith,Pharos,DV002,Engineering, 7.77 ,8,Yes,Yes,Yes,Rudy,Parker,Engineering,Yes,80,0,0,United States Dollar - USD,
,,,,,,,,,,,,,,,,,,
4/11/17,Anil,Ethereum,RD001,Engineering, 8.41 ,8,No,No,Yes,Tabitha,Jenkins,,Yes,0,0,0,United States Dollar - USD,
,,,,,,,,,,,,,,,,,,
4/11/17,Roonder Technologies LLC,Roonder 3.0,TM001,Project Management, 2.44 ,2,Yes,Yes,Yes,Walter,Silva,Product,Yes,70,0,0,United States Dollar - USD,
,,,,,,,,,,,,,,,,,,
4/11/17,Audosis,Project Wildfire,Audosis003,Project Management, 5.37 ,5,Yes,Yes,Yes,Walter,Silva,Product,Yes,70,0,0,United States Dollar - USD,
,,,,,,,,,,,,,,,,,,
4/11/17,Prosaria,Business Development,GM001,Business Development, 0.75 ,1,No,No,Yes,Walter,Silva,Product,Yes,0,0,0,United States Dollar - USD,
,,,,,,,,,,,,,,,,,,
4/11/17,Twitri,CLOB Rearchitecture,BGC001,Project Management, 1.48 ,1,Yes,Yes,Yes,Walter,Silva,Product,Yes,50,0,0,United States Dollar - USD,
,,,,,,,,,,,,,,,,,,
4/11/17,Roonder Technologies LLC,Roonder 3.0,TM001,Engineering, 7.42 ,7,Yes,Yes,Yes,Neal,Gordon,,Yes,70,0,0,United States Dollar - USD,
,,,,,,,,,,,,,,,,,,
4/11/17,Olith,Pharos,DV002,Engineering, 1.10 ,1,Yes,Yes,Yes,Neal,Gordon,,Yes,80,0,0,United States Dollar - USD,
,,,,,,,,,,,,,,,,,,
4/11/17,Twitri,CLOB Rearchitecture,BGC001,Engineering, 8.65 ,8.5,Yes,Yes,Yes,Eugene,Kim,,Yes,70,0,0,United States Dollar - USD,
,,,,,,,,,,,,,,,,,,
4/11/17,Audosis,Project Wildfire,Audosis003,Design, 1.90 ,2,Yes,Yes,Yes,Bernice,Rivera,,Yes,70,0,0,United States Dollar - USD,
,,,,,,,,,,,,,,,,,,
4/11/17,Twitri,CLOB Rearchitecture,BGC001,Engineering, 8.11 ,8,Yes,Yes,Yes,Emma,Clarke,,Yes,50,0,0,United States Dollar - USD,
,,,,,,,,,,,,,,,,,,
4/11/17,Prosaria,Training,GM017,Design, 6.03 ,6,No,No,Yes,Bernice,Rivera,,Yes,0,0,0,United States Dollar - USD,
,,,,,,,,,,,,,,,,,,
4/12/17,Prosaria,Paid Time Off,GM003,PTO, 8.41 ,8,No,No,Yes,Bradley,Hale,,Yes,0,0,0,United States Dollar - USD,
,,,,,,,,,,,,,,,,,,
4/12/17,Prosaria,Conference/Training,GM005,Conference/Training, 7.80 ,8,No,No,Yes,Tommy,Nash,,Yes,0,0,0,United States Dollar - USD,
,,,,,,,,,,,,,,,,,,
4/12/17,Roonder Technologies LLC,Roonder 3.0,TM001,Engineering, 8.30 ,8,Yes,Yes,Yes,Catherine,Ford,,Yes,70,0,0,United States Dollar - USD,
,,,,,,,,,,,,,,,,,,
4/12/17,Olith,Pharos,DV002,Engineering, 7.54 ,8,Yes,Yes,Yes,Hubert,Green,Engineering,Yes,80,0,0,United States Dollar - USD,
,,,,,,,,,,,,,,,,,,
4/12/17,Roonder Technologies LLC,Roonder 3.0,TM001,Engineering, 7.62 ,8,Yes,Yes,Yes,Neal,Gordon,,Yes,70,0,0,United States Dollar - USD,
,,,,,,,,,,,,,,,,,,
4/12/17,Anil,Ethereum,RD001,Engineering, 7.74 ,8,No,No,Yes,Tabitha,Jenkins,,Yes,0,0,0,United States Dollar - USD,
,,,,,,,,,,,,,,,,,,
4/12/17,Prosaria,Business Development,GM001,Business Development, 2.22 ,2.5,No,No,Yes,Walter,Silva,Product,Yes,0,0,0,United States Dollar - USD,
,,,,,,,,,,,,,,,,,,
4/12/17,Twitri,CLOB Rearchitecture,BGC001,Project Management, 2.52 ,2.5,Yes,Yes,Yes,Walter,Silva,Product,Yes,50,0,0,United States Dollar - USD,
,,,,,,,,,,,,,,,,,,
4/12/17,Roonder Technologies LLC,Roonder 3.0,TM001,Project Management, 1.92 ,1.5,Yes,Yes,Yes,Walter,Silva,Product,Yes,70,0,0,United States Dollar - USD,
,,,,,,,,,,,,,,,,,,
4/12/17,Audosis,Project Wildfire,Audosis003,Project Management, 2.37 ,2.5,Yes,Yes,Yes,Walter,Silva,Product,Yes,70,0,0,United States Dollar - USD,
,,,,,,,,,,,,,,,,,,
4/12/17,Audosis,Project Wildfire,Audosis003,Design, 2.46 ,2,Yes,Yes,Yes,Bernice,Rivera,,Yes,70,0,0,United States Dollar - USD,
,,,,,,,,,,,,,,,,,,
4/12/17,Twitri,CLOB Rearchitecture,BGC001,Engineering, 8.00 ,8,Yes,Yes,Yes,Emma,Clarke,,Yes,50,0,0,United States Dollar - USD,
,,,,,,,,,,,,,,,,,,
4/12/17,Prosaria,Training,GM017,Design, 6.26 ,6,No,No,Yes,Bernice,Rivera,,Yes,0,0,0,United States Dollar - USD,
,,,,,,,,,,,,,,,,,,
4/12/17,Twitri,CLOB Rearchitecture,BGC001,Engineering, 8.85 ,9,Yes,Yes,Yes,Eugene,Kim,,Yes,70,0,0,United States Dollar - USD,
,,,,,,,,,,,,,,,,,,
4/12/17,Olith,Pharos,DV002,Engineering, 8.16 ,8,Yes,Yes,Yes,Rudy,Parker,Engineering,Yes,80,0,0,United States Dollar - USD,
,,,,,,,,,,,,,,,,,,
4/12/17,Audosis,Project Wildfire,Audosis003,Engineering, 7.06 ,7,Yes,Yes,Yes,Robert,Powell,,Yes,70,0,0,United States Dollar - USD,
,,,,,,,,,,,,,,,,,,
4/12/17,Audosis,Project Wildfire,Audosis003,Engineering, 1.26 ,1,Yes,Yes,Yes,Robert,Powell,,Yes,70,0,0,United States Dollar - USD,
,,,,,,,,,,,,,,,,,,
4/12/17,Roonder Technologies LLC,Roonder 3.0,TM001,Engineering, 8.07 ,8.5,Yes,Yes,Yes,Faye,Cain,,Yes,70,0,0,United States Dollar - USD,
,,,,,,,,,,,,,,,,,,
4/13/17,Prosaria,Paid Time Off,GM003,PTO, 8.17 ,8,No,No,Yes,Bradley,Hale,,Yes,0,0,0,United States Dollar - USD,
,,,,,,,,,,,,,,,,,,
4/13/17,Twitri,CLOB Rearchitecture,BGC001,Engineering, 7.53 ,8,Yes,Yes,Yes,Emma,Clarke,,Yes,50,0,0,United States Dollar - USD,
,,,,,,,,,,,,,,,,,,
4/13/17,Olith,Pharos,DV002,Engineering, 2.47 ,2,Yes,Yes,Yes,Neal,Gordon,,Yes,80,0,0,United States Dollar - USD,
,,,,,,,,,,,,,,,,,,
4/13/17,Audosis,Project Wildfire,Audosis003,Design, 5.01 ,5,Yes,Yes,Yes,Bernice,Rivera,,Yes,70,0,0,United States Dollar - USD,
,,,,,,,,,,,,,,,,,,
4/13/17,Prosaria,Training,GM017,Design, 2.89 ,3,No,No,Yes,Bernice,Rivera,,Yes,0,0,0,United States Dollar - USD,
,,,,,,,,,,,,,,,,,,
4/13/17,Prosaria,Business Development,GM001,Business Development, 2.12 ,2,No,No,Yes,Tommy,Nash,,Yes,0,0,0,United States Dollar - USD,
,,,,,,,,,,,,,,,,,,
4/13/17,Prosaria,Business Development,GM001,Business Development, 1.95 ,1.5,No,No,Yes,Tommy,Nash,,Yes,0,0,0,United States Dollar - USD,
,,,,,,,,,,,,,,,,,,
4/13/17,Audosis,Project Wildfire,Audosis003,Engineering, 4.48 ,4.5,Yes,Yes,Yes,Tommy,Nash,,Yes,70,0,0,United States Dollar - USD,
,,,,,,,,,,,,,,,,,,
4/13/17,Twitri,CLOB Rearchitecture,BGC001,Engineering, 6.91 ,6.5,Yes,Yes,Yes,Eugene,Kim,,Yes,70,0,0,United States Dollar - USD,
,,,,,,,,,,,,,,,,,,
4/13/17,Olith,Pharos,DV002,Engineering, 7.99 ,8,Yes,Yes,Yes,Rudy,Parker,Engineering,Yes,80,0,0,United States Dollar - USD,
,,,,,,,,,,,,,,,,,,
4/13/17,Olith,Pharos,DV002,Engineering, 8.44 ,8,Yes,Yes,Yes,Hubert,Green,Engineering,Yes,80,0,0,United States Dollar - USD,
,,,,,,,,,,,,,,,,,,
4/13/17,Roonder Technologies LLC,Roonder 3.0,TM001,Engineering, 5.79 ,6,Yes,Yes,Yes,Neal,Gordon,,Yes,70,0,0,United States Dollar - USD,
,,,,,,,,,,,,,,,,,,
4/13/17,Roonder Technologies LLC,Roonder 3.0,TM001,Engineering, 8.23 ,8,Yes,Yes,Yes,Catherine,Ford,,Yes,70,0,0,United States Dollar - USD,
,,,,,,,,,,,,,,,,,,
4/13/17,Audosis,Project Wildfire,Audosis003,Engineering, 1.45 ,1.5,Yes,Yes,Yes,Robert,Powell,,Yes,70,0,0,United States Dollar - USD,
,,,,,,,,,,,,,,,,,,
4/13/17,Audosis,Project Wildfire,Audosis003,Engineering, 2.24 ,2.5,Yes,Yes,Yes,Robert,Powell,,Yes,70,0,0,United States Dollar - USD,
,,,,,,,,,,,,,,,,,,
4/13/17,Audosis,Project Wildfire,Audosis003,Engineering, 3.89 ,4,Yes,Yes,Yes,Robert,Powell,,Yes,70,0,0,United States Dollar - USD,
,,,,,,,,,,,,,,,,,,
4/13/17,Anil,Ethereum,RD001,Engineering, 7.63 ,8,No,No,Yes,Tabitha,Jenkins,,Yes,0,0,0,United States Dollar - USD,
,,,,,,,,,,,,,,,,,,
4/13/17,Roonder Technologies LLC,Roonder 3.0,TM001,Engineering, 8.75 ,8.5,Yes,Yes,Yes,Faye,Cain,,Yes,70,0,0,United States Dollar - USD,
,,,,,,,,,,,,,,,,,,
4/13/17,Twitri,CLOB Rearchitecture,BGC001,Project Management, 1.56 ,2,Yes,Yes,Yes,Walter,Silva,Product,Yes,50,0,0,United States Dollar - USD,
,,,,,,,,,,,,,,,,,,
4/13/17,Roonder Technologies LLC,Roonder 3.0,TM001,Project Management, 1.75 ,2,Yes,Yes,Yes,Walter,Silva,Product,Yes,70,0,0,United States Dollar - USD,
,,,,,,,,,,,,,,,,,,
4/13/17,Prosaria,Business Development,GM001,Business Development, 1.04 ,1,No,No,Yes,Walter,Silva,Product,Yes,0,0,0,United States Dollar - USD,
,,,,,,,,,,,,,,,,,,
4/13/17,Audosis,Project Wildfire,Audosis003,Project Management, 4.62 ,5,Yes,Yes,Yes,Walter,Silva,Product,Yes,70,0,0,United States Dollar - USD,
,,,,,,,,,,,,,,,,,,
4/14/17,Prosaria,Paid Time Off,GM003,PTO, 7.62 ,8,No,No,Yes,Bradley,Hale,,Yes,0,0,0,United States Dollar - USD,
,,,,,,,,,,,,,,,,,,
4/14/17,Roonder Technologies LLC,Roonder 3.0,TM001,Engineering, 5.59 ,6,Yes,Yes,Yes,Faye,Cain,,Yes,70,0,0,United States Dollar - USD,
,,,,,,,,,,,,,,,,,,
4/14/17,Anil,Ethereum,RD001,Engineering, 8.25 ,8,No,No,Yes,Tabitha,Jenkins,,Yes,0,0,0,United States Dollar - USD,
,,,,,,,,,,,,,,,,,,
4/14/17,Prosaria,Team Development (Non-Training),GM006,Business Development, 2.07 ,2,No,No,Yes,Faye,Cain,,Yes,0,0,0,United States Dollar - USD,
,,,,,,,,,,,,,,,,,,
4/14/17,Twitri,CLOB Rearchitecture,BGC001,Project Management, 3.47 ,3.5,Yes,Yes,Yes,Walter,Silva,Product,Yes,50,0,0,United States Dollar - USD,
,,,,,,,,,,,,,,,,,,
4/14/17,Audosis,Project Wildfire,Audosis003,Project Management, 2.95 ,3,Yes,Yes,Yes,Walter,Silva,Product,Yes,70,0,0,United States Dollar - USD,
,,,,,,,,,,,,,,,,,,
4/14/17,Roonder Technologies LLC,Roonder 3.0,TM001,Project Management, 1.51 ,1.5,Yes,Yes,Yes,Walter,Silva,Product,Yes,70,0,0,United States Dollar - USD,
,,,,,,,,,,,,,,,,,,
4/14/17,Prosaria,Business Development,GM001,Business Development, 1.11 ,1,No,No,Yes,Walter,Silva,Product,Yes,0,0,0,United States Dollar - USD,
,,,,,,,,,,,,,,,,,,
4/14/17,Audosis,Project Wildfire,Audosis003,Engineering, 2.61 ,3,Yes,Yes,Yes,Robert,Powell,,Yes,70,0,0,United States Dollar - USD,
,,,,,,,,,,,,,,,,,,
4/14/17,Audosis,Project Wildfire,Audosis003,Engineering, 4.79 ,5,Yes,Yes,Yes,Robert,Powell,,Yes,70,0,0,United States Dollar - USD,
,,,,,,,,,,,,,,,,,,
4/14/17,Twitri,CLOB Rearchitecture,BGC001,Engineering, 7.73 ,8,Yes,Yes,Yes,Eugene,Kim,,Yes,70,0,0,United States Dollar - USD,
,,,,,,,,,,,,,,,,,,
4/14/17,Roonder Technologies LLC,Roonder 3.0,TM001,Engineering, 7.54 ,8,Yes,Yes,Yes,Catherine,Ford,,Yes,70,0,0,United States Dollar - USD,
,,,,,,,,,,,,,,,,,,
4/14/17,Olith,Pharos,DV002,Engineering, 8.32 ,8,Yes,Yes,Yes,Hubert,Green,Engineering,Yes,80,0,0,United States Dollar - USD,
,,,,,,,,,,,,,,,,,,
4/14/17,Prosaria,Admin/Legal,GM002,Project Management, 2.14 ,2,No,No,Yes,Tommy,Nash,,Yes,0,0,0,United States Dollar - USD,
,,,,,,,,,,,,,,,,,,
4/14/17,Prosaria,Business Development,GM001,Business Development, 1.87 ,1.5,No,No,Yes,Tommy,Nash,,Yes,0,0,0,United States Dollar - USD,
,,,,,,,,,,,,,,,,,,
4/14/17,Prosaria,Conference/Training,GM005,Conference/Training, 0.35 ,0.5,No,No,Yes,Tommy,Nash,,Yes,0,0,0,United States Dollar - USD,
,,,,,,,,,,,,,,,,,,
4/14/17,Twitri,CLOB Rearchitecture,BGC001,Engineering, 8.32 ,8,Yes,Yes,Yes,Emma,Clarke,,Yes,50,0,0,United States Dollar - USD,
,,,,,,,,,,,,,,,,,,
4/14/17,Prosaria,Business Development,GM001,Business Development, 0.55 ,1,No,No,Yes,Tommy,Nash,,Yes,0,0,0,United States Dollar - USD,
,,,,,,,,,,,,,,,,,,
4/14/17,Audosis,Project Wildfire,Audosis003,Engineering, 2.91 ,3,Yes,Yes,Yes,Tommy,Nash,,Yes,70,0,0,United States Dollar - USD,
,,,,,,,,,,,,,,,,,,
4/14/17,Olith,Pharos,DV002,Engineering, 4.23 ,4,Yes,Yes,Yes,Rudy,Parker,Engineering,Yes,80,0,0,United States Dollar - USD,
,,,,,,,,,,,,,,,,,,
4/14/17,Roonder Technologies LLC,Roonder 3.0,TM001,Engineering, 7.51 ,8,Yes,Yes,Yes,Neal,Gordon,,Yes,70,0,0,United States Dollar - USD,
,,,,,,,,,,,,,,,,,,
4/14/17,Prosaria,Conference/Training,GM005,Conference/Training, 3.80 ,4,No,No,Yes,Rudy,Parker,Engineering,Yes,0,0,0,United States Dollar - USD,
,,,,,,,,,,,,,,,,,,
4/17/17,Olith,Pharos,DV002,Engineering, 7.54 ,8,Yes,Yes,Yes,Bradley,Hale,,Yes,80,0,0,United States Dollar - USD,
,,,,,,,,,,,,,,,,,,
4/17/17,Roonder Technologies LLC,Roonder 3.0,TM001,Engineering, 8.09 ,8,Yes,Yes,Yes,Catherine,Ford,,Yes,70,0,0,United States Dollar - USD,
,,,,,,,,,,,,,,,,,,
4/17/17,Prosaria,Business Development,GM001,Business Development, 6.30 ,6.5,No,No,Yes,Walter,Silva,Product,Yes,0,0,0,United States Dollar - USD,
,,,,,,,,,,,,,,,,,,
4/17/17,Audosis,Project Wildfire,Audosis003,Project Management, 0.21 ,0.5,Yes,Yes,Yes,Walter,Silva,Product,Yes,70,0,0,United States Dollar - USD,
,,,,,,,,,,,,,,,,,,
4/17/17,Roonder Technologies LLC,Roonder 3.0,TM001,Project Management, 1.28 ,1.5,Yes,Yes,Yes,Walter,Silva,Product,Yes,70,0,0,United States Dollar - USD,
,,,,,,,,,,,,,,,,,,
4/17/17,Anil,Ethereum,RD001,Engineering, 7.72 ,8,No,No,Yes,Tabitha,Jenkins,,Yes,0,0,0,United States Dollar - USD,
,,,,,,,,,,,,,,,,,,
4/17/17,Prosaria,Admin/Legal,GM002,Engineering, 3.53 ,4,No,No,Yes,Bradley,Hale,,Yes,0,0,0,United States Dollar - USD,
,,,,,,,,,,,,,,,,,,
4/17/17,Olith,Pharos,DV002,Engineering, 8.36 ,8,Yes,Yes,Yes,Hubert,Green,Engineering,Yes,80,0,0,United States Dollar - USD,
,,,,,,,,,,,,,,,,,,
4/17/17,Roonder Technologies LLC,Roonder 3.0,TM001,Engineering, 7.76 ,8,Yes,Yes,Yes,Neal,Gordon,,Yes,70,0,0,United States Dollar - USD,
,,,,,,,,,,,,,,,,,,
4/17/17,Anil,Watchlist Demo,RD003,Design, 7.99 ,8,No,No,Yes,Eugene,Kim,,Yes,0,0,0,United States Dollar - USD,
,,,,,,,,,,,,,,,,,,
4/17/17,Prosaria,Admin/Legal,GM002,Project Management, 2.77 ,3,No,No,Yes,Tommy,Nash,,Yes,0,0,0,United States Dollar - USD,
,,,,,,,,,,,,,,,,,,
4/17/17,Prosaria,Business Development,GM001,Business Development, 0.72 ,0.5,No,No,Yes,Tommy,Nash,,Yes,0,0,0,United States Dollar - USD,
,,,,,,,,,,,,,,,,,,
4/17/17,Prosaria,Business Development,GM001,Business Development, 2.28 ,2.5,No,No,Yes,Tommy,Nash,,Yes,0,0,0,United States Dollar - USD,
,,,,,,,,,,,,,,,,,,
4/17/17,Prosaria,Business Development,GM001,Business Development, 1.08 ,1,No,No,Yes,Tommy,Nash,,Yes,0,0,0,United States Dollar - USD,
,,,,,,,,,,,,,,,,,,
4/17/17,Audosis,Project Wildfire,Audosis003,Engineering, 0.89 ,1,Yes,Yes,Yes,Tommy,Nash,,Yes,70,0,0,United States Dollar - USD,
,,,,,,,,,,,,,,,,,,
4/17/17,Olith,Pharos,DV002,Engineering, 8.24 ,8,Yes,Yes,Yes,Rudy,Parker,Engineering,Yes,80,0,0,United States Dollar - USD,
,,,,,,,,,,,,,,,,,,
4/17/17,Anil,Watchlist Demo,RD003,Engineering, 7.69 ,8,No,No,Yes,Emma,Clarke,,Yes,0,0,0,United States Dollar - USD,
,,,,,,,,,,,,,,,,,,
4/17/17,Audosis,Project Wildfire,Audosis003,Engineering, 8.05 ,8,Yes,Yes,Yes,Robert,Powell,,Yes,70,0,0,United States Dollar - USD,
,,,,,,,,,,,,,,,,,,
4/17/17,Roonder Technologies LLC,Roonder 3.0,TM001,Engineering, 8.10 ,8,Yes,Yes,Yes,Faye,Cain,,Yes,70,0,0,United States Dollar - USD,
,,,,,,,,,,,,,,,,,,
4/18/17,Olith,Pharos,DV002,Engineering, 8.35 ,8,Yes,Yes,Yes,Hubert,Green,Engineering,Yes,80,0,0,United States Dollar - USD,
,,,,,,,,,,,,,,,,,,
4/18/17,Olith,Pharos,DV002,Engineering, 7.75 ,8,Yes,Yes,Yes,Bradley,Hale,,Yes,80,0,0,United States Dollar - USD,
,,,,,,,,,,,,,,,,,,
4/18/17,Roonder Technologies LLC,Roonder 3.0,TM001,Engineering, 5.10 ,5,Yes,Yes,Yes,Neal,Gordon,,Yes,70,0,0,United States Dollar - USD,
,,,,,,,,,,,,,,,,,,
4/18/17,Prosaria,Business Development,GM001,Business Development, 2.19 ,2,No,No,Yes,Neal,Gordon,,Yes,0,0,0,United States Dollar - USD,
,,,,,,,,,,,,,,,,,,
4/18/17,Prosaria,Business Development,GM001,Business Development, 0.62 ,1,No,No,Yes,Neal,Gordon,,Yes,0,0,0,United States Dollar - USD,
,,,,,,,,,,,,,,,,,,
4/18/17,Twitri,CLOB Rearchitecture,BGC001,Business Relationship Management, 3.63 ,4,No,Yes,Yes,Tommy,Nash,,Yes,0,0,0,United States Dollar - USD,
,,,,,,,,,,,,,,,,,,
4/18/17,Roonder Technologies LLC,Roonder 3.0,TM001,Engineering, 8.47 ,8,Yes,Yes,Yes,Catherine,Ford,,Yes,70,0,0,United States Dollar - USD,
,,,,,,,,,,,,,,,,,,
4/18/17,Anil,Watchlist Demo,RD003,Design, 7.82 ,8,No,No,Yes,Eugene,Kim,,Yes,0,0,0,United States Dollar - USD,
,,,,,,,,,,,,,,,,,,
4/18/17,Anil,Ethereum,RD001,Engineering, 8.01 ,8,No,No,Yes,Tabitha,Jenkins,,Yes,0,0,0,United States Dollar - USD,
,,,,,,,,,,,,,,,,,,
4/18/17,Prosaria,Business Development,GM001,Business Development, 3.41 ,3.5,No,No,Yes,Walter,Silva,Product,Yes,0,0,0,United States Dollar - USD,
,,,,,,,,,,,,,,,,,,
4/18/17,Twitri,CLOB Rearchitecture,BGC001,Project Management, 3.62 ,3.5,Yes,Yes,Yes,Walter,Silva,Product,Yes,50,0,0,United States Dollar - USD,
,,,,,,,,,,,,,,,,,,
4/18/17,Roonder Technologies LLC,Roonder 3.0,TM001,Project Management, 1.56 ,1.5,Yes,Yes,Yes,Walter,Silva,Product,Yes,70,0,0,United States Dollar - USD,
,,,,,,,,,,,,,,,,,,
4/18/17,Audosis,Project Wildfire,Audosis003,Project Management, 2.02 ,2,Yes,Yes,Yes,Walter,Silva,Product,Yes,70,0,0,United States Dollar - USD,
,,,,,,,,,,,,,,,,,,
4/18/17,Prosaria,Business Development,GM001,Business Development, 2.36 ,2,No,No,Yes,Bradley,Hale,,Yes,0,0,0,United States Dollar - USD,
,,,,,,,,,,,,,,,,,,
4/18/17,Audosis,Project Wildfire,Audosis003,Engineering, 1.62 ,2,Yes,Yes,Yes,Tommy,Nash,,Yes,70,0,0,United States Dollar - USD,
,,,,,,,,,,,,,,,,,,
4/18/17,Prosaria,Admin/Legal,GM002,Legal, 0.76 ,1,No,No,Yes,Tommy,Nash,,Yes,0,0,0,United States Dollar - USD,
,,,,,,,,,,,,,,,,,,
4/18/17,Olith,Pharos,DV002,Business Relationship Management, 0.64 ,0.5,No,No,Yes,Tommy,Nash,,Yes,0,0,0,United States Dollar - USD,
,,,,,,,,,,,,,,,,,,
4/18/17,Prosaria,Business Development,GM001,Business Development, 0.19 ,0.5,No,No,Yes,Tommy,Nash,,Yes,0,0,0,United States Dollar - USD,
,,,,,,,,,,,,,,,,,,
4/18/17,Olith,Pharos,DV002,Engineering, 7.51 ,8,Yes,Yes,Yes,Rudy,Parker,Engineering,Yes,80,0,0,United States Dollar - USD,
,,,,,,,,,,,,,,,,,,
4/18/17,Anil,Watchlist Demo,RD003,Engineering, 8.44 ,8,No,No,Yes,Emma,Clarke,,Yes,0,0,0,United States Dollar - USD,
,,,,,,,,,,,,,,,,,,
4/18/17,Audosis,Project Wildfire,Audosis003,Engineering, 2.45 ,2.5,Yes,Yes,Yes,Robert,Powell,,Yes,70,0,0,United States Dollar - USD,
,,,,,,,,,,,,,,,,,,
4/18/17,Audosis,Project Wildfire,Audosis003,Engineering, 5.85 ,5.5,Yes,Yes,Yes,Robert,Powell,,Yes,70,0,0,United States Dollar - USD,
,,,,,,,,,,,,,,,,,,
4/18/17,Roonder Technologies LLC,Roonder 3.0,TM001,Engineering, 7.90 ,8,Yes,Yes,Yes,Faye,Cain,,Yes,70,0,0,United States Dollar - USD,
,,,,,,,,,,,,,,,,,,
4/19/17,Olith,Pharos,DV002,Engineering, 7.79 ,8,Yes,Yes,Yes,Hubert,Green,Engineering,Yes,80,0,0,United States Dollar - USD,
,,,,,,,,,,,,,,,,,,
4/19/17,Prosaria,Business Development,GM001,Business Development, 8.46 ,8,No,No,Yes,Tommy,Nash,,Yes,0,0,0,United States Dollar - USD,
,,,,,,,,,,,,,,,,,,
4/19/17,Prosaria,Paid Time Off,GM003,PTO, 8.45 ,8,No,No,Yes,Catherine,Ford,,Yes,0,0,0,United States Dollar - USD,
,,,,,,,,,,,,,,,,,,
4/19/17,Anil,Watchlist Demo,RD003,Design, 8.34 ,8,No,No,Yes,Eugene,Kim,,Yes,0,0,0,United States Dollar - USD,
,,,,,,,,,,,,,,,,,,
4/19/17,Prosaria,Paid Time Off,GM003,PTO, 8.05 ,8,No,No,Yes,Emma,Clarke,,Yes,0,0,0,United States Dollar - USD,
,,,,,,,,,,,,,,,,,,
4/19/17,Prosaria,Business Development,GM001,Business Development, 8.41 ,8,No,No,Yes,Neal,Gordon,,Yes,0,0,0,United States Dollar - USD,
,,,,,,,,,,,,,,,,,,
4/19/17,Audosis,Project Wildfire,Audosis003,Engineering, 8.34 ,8,Yes,Yes,Yes,Robert,Powell,,Yes,70,0,0,United States Dollar - USD,
,,,,,,,,,,,,,,,,,,
4/19/17,Roonder Technologies LLC,Roonder 3.0,TM001,Engineering, 7.79 ,8,Yes,Yes,Yes,Faye,Cain,,Yes,70,0,0,United States Dollar - USD,
,,,,,,,,,,,,,,,,,,
4/19/17,Prosaria,Training,GM017,Design, 7.87 ,8,No,No,Yes,Bernice,Rivera,,Yes,0,0,0,United States Dollar - USD,
,,,,,,,,,,,,,,,,,,
4/19/17,Prosaria,Conference/Training,GM005,Conference/Training, 8.42 ,8,No,No,Yes,Bradley,Hale,,Yes,0,0,0,United States Dollar - USD,
,,,,,,,,,,,,,,,,,,
4/19/17,Prosaria,Business Development,GM001,Business Development, 7.86 ,8,No,No,Yes,Walter,Silva,Product,Yes,0,0,0,United States Dollar - USD,
,,,,,,,,,,,,,,,,,,
4/19/17,Anil,React Native,RD002,Engineering, 7.79 ,8,No,No,Yes,Rudy,Parker,Engineering,Yes,0,0,0,United States Dollar - USD,
,,,,,,,,,,,,,,,,,,
4/19/17,Anil,Ethereum,RD001,Engineering, 8.27 ,8,No,No,Yes,Tabitha,Jenkins,,Yes,0,0,0,United States Dollar - USD,
,,,,,,,,,,,,,,,,,,
4/20/17,Roonder Technologies LLC,Roonder 3.0,TM001,Engineering, 7.77 ,8,Yes,Yes,Yes,Catherine,Ford,,Yes,70,0,0,United States Dollar - USD,
,,,,,,,,,,,,,,,,,,
4/20/17,Anil,Watchlist Demo,RD003,Engineering, 8.04 ,8,No,No,Yes,Emma,Clarke,,Yes,0,0,0,United States Dollar - USD,
,,,,,,,,,,,,,,,,,,
4/20/17,Twitri,CLOB Rearchitecture,BGC001,Business Relationship Management, 3.14 ,3,No,Yes,Yes,Eugene,Kim,,Yes,0,0,0,United States Dollar - USD,
,,,,,,,,,,,,,,,,,,
4/20/17,Audosis,Project Wildfire,Audosis003,Engineering, 5.72 ,6,Yes,Yes,Yes,Robert,Powell,,Yes,70,0,0,United States Dollar - USD,
,,,,,,,,,,,,,,,,,,
4/20/17,Audosis,Project Wildfire,Audosis003,Engineering, 1.60 ,2,Yes,Yes,Yes,Robert,Powell,,Yes,70,0,0,United States Dollar - USD,
,,,,,,,,,,,,,,,,,,
4/20/17,Anil,Watchlist Demo,RD003,Engineering, 3.85 ,4,No,No,Yes,Eugene,Kim,,Yes,0,0,0,United States Dollar - USD,
,,,,,,,,,,,,,,,,,,
4/20/17,Roonder Technologies LLC,Roonder 3.0,TM001,Engineering, 7.79 ,7.5,Yes,Yes,Yes,Faye,Cain,,Yes,70,0,0,United States Dollar - USD,
,,,,,,,,,,,,,,,,,,
4/20/17,Prosaria,Team Development (Non-Training),GM006,Business Development, 0.83 ,0.5,No,No,Yes,Faye,Cain,,Yes,0,0,0,United States Dollar - USD,
,,,,,,,,,,,,,,,,,,
4/20/17,Audosis,Project Wildfire,Audosis003,Design, 0.25 ,0.5,Yes,Yes,Yes,Bernice,Rivera,,Yes,70,0,0,United States Dollar - USD,
,,,,,,,,,,,,,,,,,,
4/20/17,Prosaria,Admin/Legal,GM002,Dunning, 7.78 ,7.5,No,No,Yes,Bernice,Rivera,,Yes,0,0,0,United States Dollar - USD,
,,,,,,,,,,,,,,,,,,
4/20/17,Prosaria,Business Development,GM001,Business Development, 7.95 ,8,No,No,Yes,Bradley,Hale,,Yes,0,0,0,United States Dollar - USD,
,,,,,,,,,,,,,,,,,,
4/20/17,Roonder Technologies LLC,Roonder 3.0,TM001,Project Management, 0.94 ,1,Yes,Yes,Yes,Walter,Silva,Product,Yes,70,0,0,United States Dollar - USD,
,,,,,,,,,,,,,,,,,,
4/20/17,Audosis,Project Wildfire,Audosis003,Project Management, 1.57 ,1.5,Yes,Yes,Yes,Walter,Silva,Product,Yes,70,0,0,United States Dollar - USD,
,,,,,,,,,,,,,,,,,,
4/20/17,Prosaria,Business Development,GM001,Business Development, 6.93 ,6.5,No,No,Yes,Walter,Silva,Product,Yes,0,0,0,United States Dollar - USD,
,,,,,,,,,,,,,,,,,,
4/20/17,Olith,Pharos,DV002,Engineering, 8.00 ,8,Yes,Yes,Yes,Hubert,Green,Engineering,Yes,80,0,0,United States Dollar - USD,
,,,,,,,,,,,,,,,,,,
4/20/17,Roonder Technologies LLC,Roonder 3.0,TM001,Engineering, 8.13 ,8,Yes,Yes,Yes,Neal,Gordon,,Yes,70,0,0,United States Dollar - USD,
,,,,,,,,,,,,,,,,,,
4/20/17,Olith,Pharos,DV002,Engineering, 8.41 ,8,Yes,Yes,Yes,Rudy,Parker,Engineering,Yes,80,0,0,United States Dollar - USD,
,,,,,,,,,,,,,,,,,,
4/20/17,Audosis,Project Wildfire,Audosis003,Engineering, 2.11 ,2.5,Yes,Yes,Yes,Tommy,Nash,,Yes,70,0,0,United States Dollar - USD,
,,,,,,,,,,,,,,,,,,
4/20/17,Prosaria,Recruiting,GM018,Recruiting, 1.84 ,1.5,No,No,Yes,Tommy,Nash,,Yes,0,0,0,United States Dollar - USD,
,,,,,,,,,,,,,,,,,,
4/20/17,Prosaria,Business Development,GM001,Business Development, 1.21 ,1.5,No,No,Yes,Tommy,Nash,,Yes,0,0,0,United States Dollar - USD,
,,,,,,,,,,,,,,,,,,
4/20/17,Prosaria,Business Development,GM001,Business Development, 1.90 ,2,No,No,Yes,Tommy,Nash,,Yes,0,0,0,United States Dollar - USD,
,,,,,,,,,,,,,,,,,,
4/20/17,Twitri,CLOB Rearchitecture,BGC001,Business Relationship Management, 0.62 ,0.5,No,Yes,Yes,Tommy,Nash,,Yes,0,0,0,United States Dollar - USD,
,,,,,,,,,,,,,,,,,,
4/20/17,Prosaria,Paid Time Off,GM003,PTO, 8.44 ,8,No,No,Yes,Tabitha,Jenkins,,Yes,0,0,0,United States Dollar - USD,
,,,,,,,,,,,,,,,,,,
4/21/17,Prosaria,Paid Time Off,GM003,PTO, 7.77 ,8,No,No,Yes,Tommy,Nash,,Yes,0,0,0,United States Dollar - USD,
,,,,,,,,,,,,,,,,,,
4/21/17,Roonder Technologies LLC,Roonder 3.0,TM001,Engineering, 7.87 ,8,Yes,Yes,Yes,Faye,Cain,,Yes,70,0,0,United States Dollar - USD,
,,,,,,,,,,,,,,,,,,
4/21/17,Prosaria,Admin/Legal,GM002,Dunning, 8.44 ,8,No,No,Yes,Bernice,Rivera,,Yes,0,0,0,United States Dollar - USD,
,,,,,,,,,,,,,,,,,,
4/21/17,Olith,Pharos,DV002,Engineering, 3.93 ,4,Yes,Yes,Yes,Bradley,Hale,,Yes,80,0,0,United States Dollar - USD,
,,,,,,,,,,,,,,,,,,
4/21/17,Prosaria,Business Development,GM001,Business Development, 4.33 ,4,No,No,Yes,Bradley,Hale,,Yes,0,0,0,United States Dollar - USD,
,,,,,,,,,,,,,,,,,,
4/21/17,Olith,Pharos,DV002,Engineering, 8.33 ,8,Yes,Yes,Yes,Hubert,Green,Engineering,Yes,80,0,0,United States Dollar - USD,
,,,,,,,,,,,,,,,,,,
4/21/17,Twitri,CLOB Rearchitecture,BGC001,Engineering, 7.18 ,7,Yes,Yes,Yes,Emma,Clarke,,Yes,50,0,0,United States Dollar - USD,
,,,,,,,,,,,,,,,,,,
4/21/17,Roonder Technologies LLC,Roonder 3.0,TM001,Engineering, 7.68 ,8,Yes,Yes,Yes,Catherine,Ford,,Yes,70,0,0,United States Dollar - USD,
,,,,,,,,,,,,,,,,,,
4/21/17,Roonder Technologies LLC,Roonder 3.0,TM001,Engineering, 4.51 ,5,Yes,Yes,Yes,Neal,Gordon,,Yes,70,0,0,United States Dollar - USD,
,,,,,,,,,,,,,,,,,,
4/21/17,Prosaria,Business Development,GM001,Business Development, 2.73 ,3,No,No,Yes,Neal,Gordon,,Yes,0,0,0,United States Dollar - USD,
,,,,,,,,,,,,,,,,,,
4/21/17,Roonder Technologies LLC,Roonder 3.0,TM001,Project Management, 2.12 ,2,Yes,Yes,Yes,Walter,Silva,Product,Yes,70,0,0,United States Dollar - USD,
,,,,,,,,,,,,,,,,,,
4/21/17,Twitri,CLOB Rearchitecture,BGC001,Project Management, 2.84 ,3,Yes,Yes,Yes,Walter,Silva,Product,Yes,50,0,0,United States Dollar - USD,
,,,,,,,,,,,,,,,,,,
4/21/17,Prosaria,Business Development,GM001,Business Development, 2.94 ,3,No,No,Yes,Walter,Silva,Product,Yes,0,0,0,United States Dollar - USD,
,,,,,,,,,,,,,,,,,,
4/21/17,Audosis,Project Wildfire,Audosis003,Project Management, 1.14 ,1,Yes,Yes,Yes,Walter,Silva,Product,Yes,70,0,0,United States Dollar - USD,
,,,,,,,,,,,,,,,,,,
4/21/17,Olith,Pharos,DV002,Engineering, 0.62 ,1,Yes,Yes,Yes,Rudy,Parker,Engineering,Yes,80,0,0,United States Dollar - USD,
,,,,,,,,,,,,,,,,,,
4/21/17,Anil,React Native,RD002,Engineering, 7.36 ,7,No,No,Yes,Rudy,Parker,Engineering,Yes,0,0,0,United States Dollar - USD,
,,,,,,,,,,,,,,,,,,
4/21/17,Anil,Watchlist Demo,RD003,Engineering, 0.88 ,1,No,No,Yes,Emma,Clarke,,Yes,0,0,0,United States Dollar - USD,
,,,,,,,,,,,,,,,,,,
4/21/17,Audosis,Project Wildfire,Audosis003,Engineering, 7.25 ,7,Yes,Yes,Yes,Robert,Powell,,Yes,70,0,0,United States Dollar - USD,
,,,,,,,,,,,,,,,,,,
4/21/17,Audosis,Project Wildfire,Audosis003,Engineering, 0.70 ,1,Yes,Yes,Yes,Robert,Powell,,Yes,70,0,0,United States Dollar - USD,
,,,,,,,,,,,,,,,,,,
4/21/17,Twitri,CLOB Rearchitecture,BGC001,Engineering, 7.59 ,8,Yes,Yes,Yes,Eugene,Kim,,Yes,70,0,0,United States Dollar - USD,
,,,,,,,,,,,,,,,,,,
4/21/17,Prosaria,Paid Time Off,GM003,PTO, 8.20 ,8,No,No,Yes,Tabitha,Jenkins,,Yes,0,0,0,United States Dollar - USD,
,,,,,,,,,,,,,,,,,,
4/24/17,Olith,Pharos,DV002,Engineering, 7.89 ,8,Yes,Yes,Yes,Bradley,Hale,,Yes,80,0,0,United States Dollar - USD,
,,,,,,,,,,,,,,,,,,
4/24/17,Audosis,Project Wildfire,Audosis003,Engineering, 2.51 ,3,Yes,Yes,Yes,Tommy,Nash,,Yes,70,0,0,United States Dollar - USD,
,,,,,,,,,,,,,,,,,,
4/24/17,Twitri,CLOB Rearchitecture,BGC001,Business Relationship Management, 0.10 ,0.5,No,Yes,Yes,Tommy,Nash,,Yes,0,0,0,United States Dollar - USD,
,,,,,,,,,,,,,,,,,,
4/24/17,Prosaria,Business Development,GM001,Business Development, 0.18 ,0.5,No,No,Yes,Tommy,Nash,,Yes,0,0,0,United States Dollar - USD,
,,,,,,,,,,,,,,,,,,
4/24/17,Prosaria,Business Development,GM001,Business Development, 0.74 ,1,No,No,Yes,Tommy,Nash,,Yes,0,0,0,United States Dollar - USD,
,,,,,,,,,,,,,,,,,,
4/24/17,Prosaria,Admin/Legal,GM002,Legal, 2.79 ,3,No,No,Yes,Tommy,Nash,,Yes,0,0,0,United States Dollar - USD,
,,,,,,,,,,,,,,,,,,
4/24/17,Olith,Pharos,DV002,Engineering, 7.55 ,8,Yes,Yes,Yes,Hubert,Green,Engineering,Yes,80,0,0,United States Dollar - USD,
,,,,,,,,,,,,,,,,,,
4/24/17,Prosaria,Training,GM017,Engineering, 5.87 ,6,No,No,Yes,Catherine,Ford,,Yes,0,0,0,United States Dollar - USD,
,,,,,,,,,,,,,,,,,,
4/24/17,Roonder Technologies LLC,Roonder 3.0,TM001,Engineering, 1.80 ,2,Yes,Yes,Yes,Catherine,Ford,,Yes,70,0,0,United States Dollar - USD,
,,,,,,,,,,,,,,,,,,
4/24/17,Anil,Watchlist Demo,RD003,Engineering, 7.68 ,8,No,No,Yes,Eugene,Kim,,Yes,0,0,0,United States Dollar - USD,
,,,,,,,,,,,,,,,,,,
4/24/17,Anil,Watchlist Demo,RD003,Engineering, 8.30 ,8,No,No,Yes,Emma,Clarke,,Yes,0,0,0,United States Dollar - USD,
,,,,,,,,,,,,,,,,,,
4/24/17,Audosis,Project Wildfire,Audosis003,Project Management, 1.46 ,1,Yes,Yes,Yes,Walter,Silva,Product,Yes,70,0,0,United States Dollar - USD,
,,,,,,,,,,,,,,,,,,
4/24/17,Prosaria,Business Development,GM001,Business Development, 2.44 ,2.5,No,No,Yes,Walter,Silva,Product,Yes,0,0,0,United States Dollar - USD,
,,,,,,,,,,,,,,,,,,
4/24/17,Roonder Technologies LLC,Roonder 3.0,TM001,Project Management, 2.15 ,2,Yes,Yes,Yes,Walter,Silva,Product,Yes,70,0,0,United States Dollar - USD,
,,,,,,,,,,,,,,,,,,
4/24/17,Twitri,CLOB Rearchitecture,BGC001,Project Management, 1.55 ,1.5,Yes,No,Yes,Walter,Silva,Product,Yes,50,0,0,United States Dollar - USD,
,,,,,,,,,,,,,,,,,,
4/24/17,Anil,Watchlist Demo,RD003,Project Management, 1.78 ,2,No,No,Yes,Walter,Silva,Product,Yes,0,0,0,United States Dollar - USD,
,,,,,,,,,,,,,,,,,,
4/24/17,Prosaria,Paid Time Off,GM003,PTO, 8.22 ,8,No,No,Yes,Neal,Gordon,,Yes,0,0,0,United States Dollar - USD,
,,,,,,,,,,,,,,,,,,
4/24/17,Olith,Pharos,DV002,Engineering, 8.41 ,8,Yes,Yes,Yes,Rudy,Parker,Engineering,Yes,80,0,0,United States Dollar - USD,
,,,,,,,,,,,,,,,,,,
4/24/17,Roonder Technologies LLC,Roonder 3.0,TM001,Engineering, 7.75 ,8,Yes,Yes,Yes,Faye,Cain,,Yes,70,0,0,United States Dollar - USD,
,,,,,,,,,,,,,,,,,,
4/24/17,Audosis,Project Wildfire,Audosis003,Engineering, 5.86 ,6,Yes,Yes,Yes,Robert,Powell,,Yes,70,0,0,United States Dollar - USD,
,,,,,,,,,,,,,,,,,,
4/24/17,Anil,Ethereum,RD001,Engineering, 7.67 ,8,No,No,Yes,Tabitha,Jenkins,,Yes,0,0,0,United States Dollar - USD,
,,,,,,,,,,,,,,,,,,
4/24/17,Audosis,Project Wildfire,Audosis003,Engineering, 0.81 ,1,Yes,Yes,Yes,Robert,Powell,,Yes,70,0,0,United States Dollar - USD,
,,,,,,,,,,,,,,,,,,
4/24/17,Audosis,Project Wildfire,Audosis003,Engineering, 1.07 ,1,Yes,Yes,Yes,Robert,Powell,,Yes,70,0,0,United States Dollar - USD,
,,,,,,,,,,,,,,,,,,
4/25/17,Olith,Pharos,DV002,Engineering, 7.70 ,8,Yes,Yes,Yes,Bradley,Hale,,Yes,80,0,0,United States Dollar - USD,
,,,,,,,,,,,,,,,,,,
4/25/17,Audosis,Project Wildfire,Audosis003,Engineering, 5.13 ,5,Yes,Yes,Yes,Tommy,Nash,,Yes,70,0,0,United States Dollar - USD,
,,,,,,,,,,,,,,,,,,
4/25/17,Prosaria,Recruiting,GM018,Recruiting, 0.56 ,0.5,No,No,Yes,Tommy,Nash,,Yes,0,0,0,United States Dollar - USD,
,,,,,,,,,,,,,,,,,,
4/25/17,Prosaria,Admin/Legal,GM002,Legal, 1.63 ,1.5,No,No,Yes,Tommy,Nash,,Yes,0,0,0,United States Dollar - USD,
,,,,,,,,,,,,,,,,,,
4/25/17,Twitri,CLOB Rearchitecture,BGC001,Business Relationship Management, 0.61 ,1,No,No,Yes,Tommy,Nash,,Yes,0,0,0,United States Dollar - USD,
,,,,,,,,,,,,,,,,,,
4/25/17,Olith,Pharos,DV002,Engineering, 7.52 ,8,Yes,Yes,Yes,Hubert,Green,Engineering,Yes,80,0,0,United States Dollar - USD,
,,,,,,,,,,,,,,,,,,
4/25/17,Roonder Technologies LLC,Roonder 3.0,TM001,Engineering, 8.07 ,8,Yes,Yes,Yes,Catherine,Ford,,Yes,70,0,0,United States Dollar - USD,
,,,,,,,,,,,,,,,,,,
4/25/17,Roonder Technologies LLC,Roonder 3.0,TM001,Engineering, 5.53 ,6,Yes,Yes,Yes,Neal,Gordon,,Yes,70,0,0,United States Dollar - USD,
,,,,,,,,,,,,,,,,,,
4/25/17,Anil,Ethereum,RD001,Engineering, 1.57 ,2,No,No,Yes,Neal,Gordon,,Yes,0,0,0,United States Dollar - USD,
,,,,,,,,,,,,,,,,,,
4/25/17,Olith,Pharos,DV002,Off-Hours Engineering, 1.16 ,1,Yes,Yes,Yes,Neal,Gordon,,Yes,250,0,0,United States Dollar - USD,
,,,,,,,,,,,,,,,,,,
4/25/17,Audosis,Project Wildfire,Audosis003,Design, 0.80 ,1,Yes,Yes,Yes,Bernice,Rivera,,Yes,70,0,0,United States Dollar - USD,
,,,,,,,,,,,,,,,,,,
4/25/17,Anil,Ethereum,RD001,Design, 1.80 ,1.5,No,No,Yes,Bernice,Rivera,,Yes,0,0,0,United States Dollar - USD,
,,,,,,,,,,,,,,,,,,
4/25/17,Prosaria,Admin/Legal,GM002,Dunning, 5.16 ,5.5,No,No,Yes,Bernice,Rivera,,Yes,0,0,0,United States Dollar - USD,
,,,,,,,,,,,,,,,,,,
4/25/17,Olith,Pharos,DV002,Engineering, 8.36 ,8,Yes,Yes,Yes,Rudy,Parker,Engineering,Yes,80,0,0,United States Dollar - USD,
,,,,,,,,,,,,,,,,,,
4/25/17,Olith,Pharos,DV002,Off-Hours Engineering, 1.91 ,1.5,Yes,Yes,Yes,Rudy,Parker,Engineering,Yes,250,0,0,United States Dollar - USD,
,,,,,,,,,,,,,,,,,,
4/25/17,Anil,Watchlist Demo,RD003,Engineering, 8.29 ,8,No,No,Yes,Eugene,Kim,,Yes,0,0,0,United States Dollar - USD,
,,,,,,,,,,,,,,,,,,
4/25/17,Prosaria,Paid Time Off,GM003,PTO, 8.35 ,8,No,No,Yes,Faye,Cain,,Yes,0,0,0,United States Dollar - USD,
,,,,,,,,,,,,,,,,,,
4/25/17,Audosis,Project Wildfire,Audosis003,Project Management, 4.57 ,4.5,Yes,Yes,Yes,Walter,Silva,Product,Yes,70,0,0,United States Dollar - USD,
,,,,,,,,,,,,,,,,,,
4/25/17,Prosaria,Business Development,GM001,Business Development, 0.68 ,1,No,No,Yes,Walter,Silva,Product,Yes,0,0,0,United States Dollar - USD,
,,,,,,,,,,,,,,,,,,
4/25/17,Twitri,CLOB Rearchitecture,BGC001,Project Management, 1.03 ,1,Yes,No,Yes,Walter,Silva,Product,Yes,50,0,0,United States Dollar - USD,
,,,,,,,,,,,,,,,,,,
4/25/17,Roonder Technologies LLC,Roonder 3.0,TM001,Project Management, 1.27 ,1,Yes,Yes,Yes,Walter,Silva,Product,Yes,70,0,0,United States Dollar - USD,
,,,,,,,,,,,,,,,,,,
4/25/17,Anil,Watchlist Demo,RD003,Engineering, 8.45 ,8,No,No,Yes,Emma,Clarke,,Yes,0,0,0,United States Dollar - USD,
,,,,,,,,,,,,,,,,,,
4/25/17,Audosis,Project Wildfire,Audosis003,Engineering, 6.99 ,7,Yes,Yes,Yes,Robert,Powell,,Yes,70,0,0,United States Dollar - USD,
,,,,,,,,,,,,,,,,,,
4/25/17,Anil,Ethereum,RD001,Engineering, 7.88 ,8,No,No,Yes,Tabitha,Jenkins,,Yes,0,0,0,United States Dollar - USD,
,,,,,,,,,,,,,,,,,,
4/25/17,Audosis,Project Wildfire,Audosis003,Engineering, 1.07 ,1,Yes,Yes,Yes,Robert,Powell,,Yes,70,0,0,United States Dollar - USD,
,,,,,,,,,,,,,,,,,,
4/25/17,Anil,Watchlist Demo,RD003,Project Management, 0.65 ,1,No,No,Yes,Walter,Silva,Product,Yes,0,0,0,United States Dollar - USD,
,,,,,,,,,,,,,,,,,,
4/26/17,Olith,Pharos,DV002,Engineering, 8.42 ,8,Yes,Yes,Yes,Bradley,Hale,,Yes,80,0,0,United States Dollar - USD,
,,,,,,,,,,,,,,,,,,
4/26/17,Audosis,Project Wildfire,Audosis003,Engineering, 2.23 ,2.5,Yes,Yes,Yes,Tommy,Nash,,Yes,70,0,0,United States Dollar - USD,
,,,,,,,,,,,,,,,,,,
4/26/17,Prosaria,Admin/Legal,GM002,Project Management, 0.97 ,1,No,No,Yes,Tommy,Nash,,Yes,0,0,0,United States Dollar - USD,
,,,,,,,,,,,,,,,,,,
4/26/17,Prosaria,Business Development,GM001,Business Development, 0.94 ,1,No,No,Yes,Tommy,Nash,,Yes,0,0,0,United States Dollar - USD,
,,,,,,,,,,,,,,,,,,
4/26/17,Anil,Watchlist Demo,RD003,Engineering, 4.04 ,4,No,No,Yes,Eugene,Kim,,Yes,0,0,0,United States Dollar - USD,
,,,,,,,,,,,,,,,,,,
4/26/17,Prosaria,Team Development (Non-Training),GM006,Business Development, 1.87 ,1.5,No,No,Yes,Eugene,Kim,,Yes,0,0,0,United States Dollar - USD,
,,,,,,,,,,,,,,,,,,
4/26/17,Roonder Technologies LLC,Roonder 3.0,TM001,Engineering, 7.85 ,8,Yes,Yes,Yes,Faye,Cain,,Yes,70,0,0,United States Dollar - USD,
,,,,,,,,,,,,,,,,,,
4/26/17,Roonder Technologies LLC,Roonder 3.0,TM001,Engineering, 8.03 ,8,Yes,Yes,Yes,Catherine,Ford,,Yes,70,0,0,United States Dollar - USD,
,,,,,,,,,,,,,,,,,,
4/26/17,Prosaria,Recruiting,GM018,Recruiting, 1.42 ,1.5,No,No,Yes,Tommy,Nash,,Yes,0,0,0,United States Dollar - USD,
,,,,,,,,,,,,,,,,,,
4/26/17,Prosaria,Business Development,GM001,Business Development, 1.26 ,1,No,No,Yes,Tommy,Nash,,Yes,0,0,0,United States Dollar - USD,
,,,,,,,,,,,,,,,,,,
4/26/17,Prosaria,Admin/Legal,GM002,Legal, 1.33 ,1,No,No,Yes,Tommy,Nash,,Yes,0,0,0,United States Dollar - USD,
,,,,,,,,,,,,,,,,,,
4/26/17,Audosis,Project Wildfire,Audosis003,Project Management, 1.71 ,2,Yes,Yes,Yes,Walter,Silva,Product,Yes,70,0,0,United States Dollar - USD,
,,,,,,,,,,,,,,,,,,
4/26/17,Roonder Technologies LLC,Roonder 3.0,TM001,Project Management, 1.57 ,1.5,Yes,Yes,Yes,Walter,Silva,Product,Yes,70,0,0,United States Dollar - USD,
,,,,,,,,,,,,,,,,,,
4/26/17,Prosaria,Business Development,GM001,Business Development, 0.60 ,0.5,No,No,Yes,Walter,Silva,Product,Yes,0,0,0,United States Dollar - USD,
,,,,,,,,,,,,,,,,,,
4/26/17,Prosaria,Paid Time Off,GM003,PTO, 3.85 ,4,No,No,Yes,Walter,Silva,Product,Yes,0,0,0,United States Dollar - USD,
,,,,,,,,,,,,,,,,,,
4/26/17,Olith,Pharos,DV002,Engineering, 8.37 ,8,Yes,Yes,Yes,Hubert,Green,Engineering,Yes,80,0,0,United States Dollar - USD,
,,,,,,,,,,,,,,,,,,
4/26/17,Anil,Watchlist Demo,RD003,Engineering, 3.58 ,4,No,No,Yes,Emma,Clarke,,Yes,0,0,0,United States Dollar - USD,
,,,,,,,,,,,,,,,,,,
4/26/17,Audosis,Project Wildfire,Audosis003,Engineering, 7.42 ,7,Yes,Yes,Yes,Robert,Powell,,Yes,70,0,0,United States Dollar - USD,
,,,,,,,,,,,,,,,,,,
4/26/17,Audosis,Project Wildfire,Audosis003,Design, 4.62 ,5,Yes,Yes,Yes,Bernice,Rivera,,Yes,70,0,0,United States Dollar - USD,
,,,,,,,,,,,,,,,,,,
4/26/17,Anil,Watchlist Demo,RD003,Engineering, 2.30 ,2.5,No,No,Yes,Eugene,Kim,,Yes,0,0,0,United States Dollar - USD,
,,,,,,,,,,,,,,,,,,
4/26/17,Prosaria,Admin/Legal,GM002,Dunning, 3.43 ,3,No,No,Yes,Bernice,Rivera,,Yes,0,0,0,United States Dollar - USD,
,,,,,,,,,,,,,,,,,,
4/26/17,Anil,Ethereum,RD001,Engineering, 7.70 ,8,No,No,Yes,Tabitha,Jenkins,,Yes,0,0,0,United States Dollar - USD,
,,,,,,,,,,,,,,,,,,
4/26/17,Olith,Pharos,DV002,Engineering, 3.73 ,4,Yes,Yes,Yes,Emma,Clarke,,Yes,80,0,0,United States Dollar - USD,
,,,,,,,,,,,,,,,,,,
4/26/17,Prosaria,Business Development,GM001,Business Development, 0.56 ,1,No,No,Yes,Neal,Gordon,,Yes,0,0,0,United States Dollar - USD,
,,,,,,,,,,,,,,,,,,
4/26/17,Anil,React Native,RD002,Engineering, 8.11 ,8,No,No,Yes,Rudy,Parker,Engineering,Yes,0,0,0,United States Dollar - USD,
,,,,,,,,,,,,,,,,,,
4/26/17,Audosis,Project Wildfire,Audosis003,Engineering, 1.21 ,1,Yes,Yes,Yes,Robert,Powell,,Yes,70,0,0,United States Dollar - USD,
,,,,,,,,,,,,,,,,,,
4/26/17,Roonder Technologies LLC,Roonder 3.0,TM001,Engineering, 6.30 ,6,Yes,Yes,Yes,Neal,Gordon,,Yes,70,0,0,United States Dollar - USD,
,,,,,,,,,,,,,,,,,,
4/26/17,Olith,Pharos,DV002,Engineering, 0.59 ,1,Yes,Yes,Yes,Neal,Gordon,,Yes,80,0,0,United States Dollar - USD,
,,,,,,,,,,,,,,,,,,
4/27/17,Prosaria,Paid Time Off,GM003,PTO, 8.23 ,8,No,No,Yes,Walter,Silva,Product,Yes,0,0,0,United States Dollar - USD,
,,,,,,,,,,,,,,,,,,
4/27/17,Roonder Technologies LLC,Roonder 3.0,TM001,Engineering, 8.08 ,8,Yes,Yes,Yes,Catherine,Ford,,Yes,70,0,0,United States Dollar - USD,
,,,,,,,,,,,,,,,,,,
4/27/17,Olith,Pharos,DV002,Engineering, 7.64 ,8,Yes,Yes,Yes,Hubert,Green,Engineering,Yes,80,0,0,United States Dollar - USD,
,,,,,,,,,,,,,,,,,,
4/27/17,Audosis,Project Wildfire,Audosis003,Engineering, 6.77 ,6.5,Yes,Yes,Yes,Robert,Powell,,Yes,70,0,0,United States Dollar - USD,
,,,,,,,,,,,,,,,,,,
4/27/17,Audosis,Project Wildfire,Audosis003,Engineering, 8.43 ,8,Yes,Yes,Yes,Tabitha,Jenkins,,Yes,70,0,0,United States Dollar - USD,
,,,,,,,,,,,,,,,,,,
4/27/17,Prosaria,Business Development,GM001,Business Development, 0.65 ,1,No,No,Yes,Tommy,Nash,,Yes,0,0,0,United States Dollar - USD,
,,,,,,,,,,,,,,,,,,
4/27/17,Audosis,Project Wildfire,Audosis003,Engineering, 2.79 ,2.5,Yes,Yes,Yes,Tommy,Nash,,Yes,70,0,0,United States Dollar - USD,
,,,,,,,,,,,,,,,,,,
4/27/17,Prosaria,Business Development,GM001,Business Development, 0.78 ,1,No,No,Yes,Tommy,Nash,,Yes,0,0,0,United States Dollar - USD,
,,,,,,,,,,,,,,,,,,
4/27/17,Prosaria,Team Development (Non-Training),GM006,Business Development, 0.97 ,0.5,No,No,Yes,Tommy,Nash,,Yes,0,0,0,United States Dollar - USD,
,,,,,,,,,,,,,,,,,,
4/27/17,Prosaria,Business Development,GM001,Business Development, 0.88 ,0.5,No,No,Yes,Tommy,Nash,,Yes,0,0,0,United States Dollar - USD,
,,,,,,,,,,,,,,,,,,
4/27/17,Prosaria,Admin/Legal,GM002,Legal, 0.57 ,0.5,No,No,Yes,Tommy,Nash,,Yes,0,0,0,United States Dollar - USD,
,,,,,,,,,,,,,,,,,,
4/27/17,Twitri,CLOB Rearchitecture,BGC001,Business Relationship Management, 0.64 ,1,No,No,Yes,Tommy,Nash,,Yes,0,0,0,United States Dollar - USD,
,,,,,,,,,,,,,,,,,,
4/27/17,Roonder Technologies LLC,Roonder 3.0,TM001,Engineering, 8.29 ,8,Yes,Yes,Yes,Faye,Cain,,Yes,70,0,0,United States Dollar - USD,
,,,,,,,,,,,,,,,,,,
4/27/17,Prosaria,Team Development (Non-Training),GM006,Business Development, 1.05 ,1,No,No,Yes,Tommy,Nash,,Yes,0,0,0,United States Dollar - USD,
,,,,,,,,,,,,,,,,,,
4/27/17,Audosis,Project Wildfire,Audosis003,Engineering, 1.23 ,1,Yes,Yes,Yes,Robert,Powell,,Yes,70,0,0,United States Dollar - USD,
,,,,,,,,,,,,,,,,,,
4/27/17,Prosaria,Business Development,GM001,Business Development, 0.55 ,1,No,No,Yes,Neal,Gordon,,Yes,0,0,0,United States Dollar - USD,
,,,,,,,,,,,,,,,,,,
4/27/17,Prosaria,Business Development,GM001,Business Development, 1.17 ,1,No,No,Yes,Neal,Gordon,,Yes,0,0,0,United States Dollar - USD,
,,,,,,,,,,,,,,,,,,
4/27/17,Roonder Technologies LLC,Roonder 3.0,TM001,Engineering, 5.96 ,6,Yes,Yes,Yes,Neal,Gordon,,Yes,70,0,0,United States Dollar - USD,
,,,,,,,,,,,,,,,,,,
4/27/17,Prosaria,Team Development (Non-Training),GM006,Business Development, 0.73 ,0.5,No,No,Yes,Robert,Powell,,Yes,0,0,0,United States Dollar - USD,
,,,,,,,,,,,,,,,,,,
4/27/17,Audosis,Project Wildfire,Audosis003,Engineering, 8.26 ,8,Yes,Yes,Yes,Eugene,Kim,,Yes,70,0,0,United States Dollar - USD,
,,,,,,,,,,,,,,,,,,
4/27/17,Olith,Pharos,DV002,Engineering, 1.86 ,2,Yes,Yes,Yes,Bradley,Hale,,Yes,80,0,0,United States Dollar - USD,
,,,,,,,,,,,,,,,,,,
4/27/17,Prosaria,Business Development,GM001,Business Development, 6.38 ,6,No,No,Yes,Bradley,Hale,,Yes,0,0,0,United States Dollar - USD,
,,,,,,,,,,,,,,,,,,
4/27/17,Olith,Pharos,DV002,Engineering, 7.60 ,8,Yes,Yes,Yes,Rudy,Parker,Engineering,Yes,80,0,0,United States Dollar - USD,
,,,,,,,,,,,,,,,,,,
4/27/17,Audosis,Project Wildfire,Audosis003,Design, 7.88 ,8,Yes,Yes,Yes,Bernice,Rivera,,Yes,70,0,0,United States Dollar - USD,
,,,,,,,,,,,,,,,,,,
4/27/17,Olith,Pharos,DV002,Engineering, 7.84 ,8,Yes,Yes,Yes,Emma,Clarke,,Yes,80,0,0,United States Dollar - USD,
,,,,,,,,,,,,,,,,,,
4/27/17,Audosis,Project Wildfire,Audosis003,Engineering, 0.58 ,1,Yes,Yes,Yes,Neal,Gordon,,Yes,70,0,0,United States Dollar - USD,
,,,,,,,,,,,,,,,,,,
4/28/17,Prosaria,Paid Time Off,GM003,PTO, 7.95 ,8,No,No,Yes,Walter,Silva,Product,Yes,0,0,0,United States Dollar - USD,
,,,,,,,,,,,,,,,,,,
4/28/17,Prosaria,Paid Time Off,GM003,PTO, 4.17 ,4,No,No,Yes,Faye,Cain,,Yes,0,0,0,United States Dollar - USD,
,,,,,,,,,,,,,,,,,,
4/28/17,Roonder Technologies LLC,Roonder 3.0,TM001,Engineering, 4.31 ,4,Yes,Yes,Yes,Faye,Cain,,Yes,70,0,0,United States Dollar - USD,
,,,,,,,,,,,,,,,,,,
4/28/17,Prosaria,Business Development,GM001,Business Development, 2.40 ,2,No,No,Yes,Tommy,Nash,,Yes,0,0,0,United States Dollar - USD,
,,,,,,,,,,,,,,,,,,
4/28/17,Olith,Pharos,DV002,Engineering, 7.80 ,8,Yes,Yes,Yes,Hubert,Green,Engineering,Yes,80,0,0,United States Dollar - USD,
,,,,,,,,,,,,,,,,,,
4/28/17,Olith,Pharos,DV002,Engineering, 3.61 ,4,Yes,Yes,Yes,Bradley,Hale,,Yes,80,0,0,United States Dollar - USD,
,,,,,,,,,,,,,,,,,,
4/28/17,Prosaria,Admin/Legal,GM002,Engineering, 4.15 ,4,No,No,Yes,Bradley,Hale,,Yes,0,0,0,United States Dollar - USD,
,,,,,,,,,,,,,,,,,,
4/28/17,Audosis,Project Wildfire,Audosis003,Engineering, 1.36 ,1.5,Yes,Yes,Yes,Tommy,Nash,,Yes,70,0,0,United States Dollar - USD,
,,,,,,,,,,,,,,,,,,
4/28/17,Roonder Technologies LLC,Roonder 3.0,TM001,Engineering, 7.56 ,8,Yes,Yes,Yes,Catherine,Ford,,Yes,70,0,0,United States Dollar - USD,
,,,,,,,,,,,,,,,,,,
4/28/17,Prosaria,Team Development (Non-Training),GM006,Business Development, 0.88 ,0.5,No,No,Yes,Tommy,Nash,,Yes,0,0,0,United States Dollar - USD,
,,,,,,,,,,,,,,,,,,
4/28/17,Prosaria,Admin/Legal,GM002,Legal, 0.18 ,0.5,No,No,Yes,Tommy,Nash,,Yes,0,0,0,United States Dollar - USD,
,,,,,,,,,,,,,,,,,,
4/28/17,Prosaria,Team Development (Non-Training),GM006,Business Development, 0.85 ,1,No,No,Yes,Tommy,Nash,,Yes,0,0,0,United States Dollar - USD,
,,,,,,,,,,,,,,,,,,
4/28/17,Olith,Pharos,DV002,Engineering, 2.24 ,2,Yes,Yes,Yes,Rudy,Parker,Engineering,Yes,80,0,0,United States Dollar - USD,
,,,,,,,,,,,,,,,,,,
4/28/17,Anil,React Native,RD002,Engineering, 4.35 ,4.5,No,No,Yes,Rudy,Parker,Engineering,Yes,0,0,0,United States Dollar - USD,
,,,,,,,,,,,,,,,,,,
4/28/17,Prosaria,Team Development (Non-Training),GM006,Business Development, 2.23 ,2.5,No,No,Yes,Tommy,Nash,,Yes,0,0,0,United States Dollar - USD,
,,,,,,,,,,,,,,,,,,
4/28/17,Olith,Pharos,DV002,Engineering, 6.28 ,6.5,Yes,Yes,Yes,Emma,Clarke,,Yes,80,0,0,United States Dollar - USD,
,,,,,,,,,,,,,,,,,,
4/28/17,Prosaria,Team Development (Non-Training),GM006,Business Development, 1.98 ,1.5,No,No,Yes,Emma,Clarke,,Yes,0,0,0,United States Dollar - USD,
,,,,,,,,,,,,,,,,,,
4/28/17,Anil,Watchlist Demo,RD003,Engineering, 2.46 ,2,No,No,Yes,Eugene,Kim,,Yes,0,0,0,United States Dollar - USD,
,,,,,,,,,,,,,,,,,,
4/28/17,Audosis,Project Wildfire,Audosis003,Engineering, 5.04 ,5.5,Yes,Yes,Yes,Eugene,Kim,,Yes,70,0,0,United States Dollar - USD,
,,,,,,,,,,,,,,,,,,
4/28/17,Prosaria,Business Development,GM001,Business Development, 1.74 ,2,No,No,Yes,Neal,Gordon,,Yes,0,0,0,United States Dollar - USD,
,,,,,,,,,,,,,,,,,,
4/28/17,Roonder Technologies LLC,Roonder 3.0,TM001,Engineering, 5.56 ,6,Yes,Yes,Yes,Neal,Gordon,,Yes,70,0,0,United States Dollar - USD,
,,,,,,,,,,,,,,,,,,
4/28/17,Audosis,Project Wildfire,Audosis003,Engineering, 6.98 ,7,Yes,Yes,Yes,Robert,Powell,,Yes,70,0,0,United States Dollar - USD,
,,,,,,,,,,,,,,,,,,
4/28/17,Audosis,Project Wildfire,Audosis003,Engineering, 0.53 ,1,Yes,Yes,Yes,Neal,Gordon,,Yes,70,0,0,United States Dollar - USD,
,,,,,,,,,,,,,,,,,,
4/30/17,Audosis,Project Wildfire,Audosis003,Engineering, 8.03 ,8,Yes,No,Yes,Tabitha,Jenkins,,Yes,70,0,0,United States Dollar - USD,
,,,,,,,,,,,,,,,,,,
5/1/17,Audosis,Project Wildfire,Audosis003,Product Management, 2.48 ,2,Yes,No,Yes,Tommy,Nash,,Yes,70,0,0,United States Dollar - USD,
,,,,,,,,,,,,,,,,,,
5/1/17,Prosaria,Team Development (Non-Training),GM006,Business Development, 2.80 ,3,No,No,Yes,Tommy,Nash,,Yes,0,0,0,United States Dollar - USD,
,,,,,,,,,,,,,,,,,,
5/1/17,Twitri,CLOB Rearchitecture,BGC001,Business Relationship Management, 0.98 ,0.5,No,No,Yes,Tommy,Nash,,Yes,0,0,0,United States Dollar - USD,
,,,,,,,,,,,,,,,,,,
5/1/17,Prosaria,Team Development (Non-Training),GM006,Business Development, 1.11 ,1,No,No,Yes,Tommy,Nash,,Yes,0,0,0,United States Dollar - USD,
,,,,,,,,,,,,,,,,,,
5/1/17,Audosis,Project Wildfire,Audosis003,Engineering, 8.03 ,8,Yes,No,Yes,Tabitha,Jenkins,,Yes,70,0,0,United States Dollar - USD,
,,,,,,,,,,,,,,,,,,
5/1/17,Prosaria,Admin/Legal,GM002,Project Management, 5.76 ,6,No,No,Yes,Bradley,Hale,,Yes,0,0,0,United States Dollar - USD,
,,,,,,,,,,,,,,,,,,
5/1/17,Olith,Pharos,DV002,Project Management, 2.12 ,2,Yes,No,Yes,Bradley,Hale,,Yes,80,0,0,United States Dollar - USD,
,,,,,,,,,,,,,,,,,,
5/1/17,Prosaria,Business Development,GM001,Business Development, 2.63 ,3,No,No,Yes,Neal,Gordon,,Yes,0,0,0,United States Dollar - USD,
,,,,,,,,,,,,,,,,,,
5/1/17,Roonder Technologies LLC,Roonder 3.0,TM001,Engineering, 5.32 ,5,Yes,Yes,Yes,Neal,Gordon,,Yes,70,0,0,United States Dollar - USD,
,,,,,,,,,,,,,,,,,,
5/1/17,Olith,Pharos,DV002,Engineering, 8.10 ,8,Yes,No,Yes,Hubert,Green,Engineering,Yes,80,0,0,United States Dollar - USD,
,,,,,,,,,,,,,,,,,,
5/1/17,Roonder Technologies LLC,Roonder 3.0,TM001,Engineering, 7.56 ,8,Yes,Yes,Yes,Catherine,Ford,,Yes,70,0,0,United States Dollar - USD,
,,,,,,,,,,,,,,,,,,
5/1/17,Prosaria,Team Development (Non-Training),GM006,Business Development, 2.02 ,2,No,No,Yes,Faye,Cain,,Yes,0,0,0,United States Dollar - USD,
,,,,,,,,,,,,,,,,,,
5/1/17,Roonder Technologies LLC,Roonder 3.0,TM001,Engineering, 6.19 ,6,Yes,Yes,Yes,Faye,Cain,,Yes,70,0,0,United States Dollar - USD,
,,,,,,,,,,,,,,,,,,
5/1/17,Prosaria,Admin/Legal,GM002,Legal, 2.91 ,2.5,No,No,Yes,Tommy,Nash,,Yes,0,0,0,United States Dollar - USD,
,,,,,,,,,,,,,,,,,,
5/1/17,Audosis,Project Wildfire,Audosis003,Engineering, 7.23 ,7,Yes,No,Yes,Eugene,Kim,,Yes,70,0,0,United States Dollar - USD,
,,,,,,,,,,,,,,,,,,
5/1/17,Olith,Pharos,DV002,Engineering, 7.42 ,7,Yes,No,Yes,Emma,Clarke,,Yes,80,0,0,United States Dollar - USD,
,,,,,,,,,,,,,,,,,,
5/1/17,Prosaria,Team Development (Non-Training),GM006,Business Development, 0.79 ,1,No,No,Yes,Emma,Clarke,,Yes,0,0,0,United States Dollar - USD,
,,,,,,,,,,,,,,,,,,
5/1/17,Audosis,Project Wildfire,Audosis003,Engineering, 1.12 ,1,Yes,No,Yes,Robert,Powell,,Yes,70,0,0,United States Dollar - USD,
,,,,,,,,,,,,,,,,,,
5/1/17,Audosis,Project Wildfire,Audosis003,Engineering, 5.17 ,5,Yes,No,Yes,Robert,Powell,,Yes,70,0,0,United States Dollar - USD,
,,,,,,,,,,,,,,,,,,
5/1/17,Prosaria,Team Development (Non-Training),GM006,Business Development, 2.33 ,2,No,No,Yes,Robert,Powell,,Yes,0,0,0,United States Dollar - USD,
,,,,,,,,,,,,,,,,,,
5/1/17,Prosaria,Paid Time Off,GM003,PTO, 8.25 ,8,No,No,Yes,Walter,Silva,Product,Yes,0,0,0,United States Dollar - USD,
,,,,,,,,,,,,,,,,,,
5/1/17,Olith,Pharos,DV002,Engineering, 7.16 ,7,Yes,No,Yes,Rudy,Parker,Engineering,Yes,80,0,0,United States Dollar - USD,
,,,,,,,,,,,,,,,,,,
5/1/17,Prosaria,Team Development (Non-Training),GM006,Business Development, 1.22 ,1,No,No,Yes,Rudy,Parker,Engineering,Yes,0,0,0,United States Dollar - USD,
,,,,,,,,,,,,,,,,,,
5/1/17,Audosis,Project Wildfire,Audosis003,Design, 8.30 ,8,Yes,No,Yes,Bernice,Rivera,,Yes,70,0,0,United States Dollar - USD,
,,,,,,,,,,,,,,,,,,
5/2/17,Olith,Pharos,DV002,Engineering, 8.27 ,8,Yes,No,Yes,Bradley,Hale,,Yes,80,0,0,United States Dollar - USD,
,,,,,,,,,,,,,,,,,,
5/2/17,Audosis,Project Wildfire,Audosis003,Engineering, 8.03 ,8,Yes,No,Yes,Tabitha,Jenkins,,Yes,70,0,0,United States Dollar - USD,
,,,,,,,,,,,,,,,,,,
5/2/17,Roonder Technologies LLC,Roonder 3.0,TM001,Engineering, 8.08 ,8,Yes,Yes,Yes,Catherine,Ford,,Yes,70,0,0,United States Dollar - USD,
,,,,,,,,,,,,,,,,,,
5/2/17,Audosis,Project Wildfire,Audosis003,Product Management, 4.29 ,4.5,Yes,No,Yes,Tommy,Nash,,Yes,70,0,0,United States Dollar - USD,
,,,,,,,,,,,,,,,,,,
5/2/17,Prosaria,Recruiting,GM018,Recruiting, 0.77 ,1,No,No,Yes,Tommy,Nash,,Yes,0,0,0,United States Dollar - USD,
,,,,,,,,,,,,,,,,,,
5/2/17,Roonder Technologies LLC,Roonder 3.0,TM001,Engineering, 6.78 ,7,Yes,Yes,Yes,Faye,Cain,,Yes,70,0,0,United States Dollar - USD,
,,,,,,,,,,,,,,,,,,
5/2/17,Prosaria,Team Development (Non-Training),GM006,Business Development, 0.70 ,1,No,No,Yes,Faye,Cain,,Yes,0,0,0,United States Dollar - USD,
,,,,,,,,,,,,,,,,,,
5/2/17,Prosaria,Business Development,GM001,Business Development, 0.51 ,1,No,No,Yes,Neal,Gordon,,Yes,0,0,0,United States Dollar - USD,
,,,,,,,,,,,,,,,,,,
5/2/17,Roonder Technologies LLC,Roonder 3.0,TM001,Engineering, 3.25 ,3,Yes,Yes,Yes,Neal,Gordon,,Yes,70,0,0,United States Dollar - USD,
,,,,,,,,,,,,,,,,,,
5/2/17,Audosis,Project Wildfire,Audosis003,Engineering, 0.65 ,1,Yes,No,Yes,Neal,Gordon,,Yes,70,0,0,United States Dollar - USD,
,,,,,,,,,,,,,,,,,,
5/2/17,Prosaria,Business Development,GM001,Business Development, 2.92 ,3,No,No,Yes,Neal,Gordon,,Yes,0,0,0,United States Dollar - USD,
,,,,,,,,,,,,,,,,,,
5/2/17,Prosaria,Team Development (Non-Training),GM006,Business Development, 0.70 ,1,No,No,Yes,Tommy,Nash,,Yes,0,0,0,United States Dollar - USD,
,,,,,,,,,,,,,,,,,,
5/2/17,Olith,Pharos,DV002,Engineering, 8.33 ,8,Yes,No,Yes,Emma,Clarke,,Yes,80,0,0,United States Dollar - USD,
,,,,,,,,,,,,,,,,,,
5/2/17,Audosis,Project Wildfire,Audosis003,Engineering, 0.64 ,1,Yes,No,Yes,Robert,Powell,,Yes,70,0,0,United States Dollar - USD,
,,,,,,,,,,,,,,,,,,
5/2/17,Audosis,Project Wildfire,Audosis003,Engineering, 5.90 ,6,Yes,No,Yes,Robert,Powell,,Yes,70,0,0,United States Dollar - USD,
,,,,,,,,,,,,,,,,,,
5/2/17,Audosis,Project Wildfire,Audosis003,Engineering, 0.80 ,1,Yes,No,Yes,Robert,Powell,,Yes,70,0,0,United States Dollar - USD,
,,,,,,,,,,,,,,,,,,
5/2/17,Prosaria,Admin/Legal,GM002,Project Management, 1.36 ,1.5,No,No,Yes,Tommy,Nash,,Yes,0,0,0,United States Dollar - USD,
,,,,,,,,,,,,,,,,,,
5/2/17,Audosis,Project Wildfire,Audosis003,Engineering, 6.98 ,7,Yes,No,Yes,Eugene,Kim,,Yes,70,0,0,United States Dollar - USD,
,,,,,,,,,,,,,,,,,,
5/2/17,Prosaria,Team Development (Non-Training),GM006,Business Development, 1.41 ,1,No,No,Yes,Eugene,Kim,,Yes,0,0,0,United States Dollar - USD,
,,,,,,,,,,,,,,,,,,
5/2/17,Prosaria,Paid Time Off,GM003,PTO, 8.02 ,8,No,No,Yes,Walter,Silva,Product,Yes,0,0,0,United States Dollar - USD,
,,,,,,,,,,,,,,,,,,
5/2/17,Olith,Pharos,DV002,Engineering, 7.84 ,8,Yes,No,Yes,Hubert,Green,Engineering,Yes,80,0,0,United States Dollar - USD,
,,,,,,,,,,,,,,,,,,
5/2/17,Olith,Pharos,DV002,Engineering, 7.87 ,8,Yes,No,Yes,Rudy,Parker,Engineering,Yes,80,0,0,United States Dollar - USD,
,,,,,,,,,,,,,,,,,,
5/2/17,Audosis,Project Wildfire,Audosis003,Design, 7.55 ,8,Yes,No,Yes,Bernice,Rivera,,Yes,70,0,0,United States Dollar - USD,
,,,,,,,,,,,,,,,,,,
5/3/17,Roonder Technologies LLC,Roonder 3.0,TM001,Engineering, 7.92 ,8,Yes,Yes,Yes,Catherine,Ford,,Yes,70,0,0,United States Dollar - USD,
,,,,,,,,,,,,,,,,,,
5/3/17,Olith,Pharos,DV002,Engineering, 1.97 ,2,Yes,No,Yes,Bradley,Hale,,Yes,80,0,0,United States Dollar - USD,
,,,,,,,,,,,,,,,,,,
5/3/17,Prosaria,Business Development,GM001,Business Development, 5.95 ,6,No,No,Yes,Bradley,Hale,,Yes,0,0,0,United States Dollar - USD,
,,,,,,,,,,,,,,,,,,
5/3/17,Prosaria,Admin/Legal,GM002,Project Management, 1.42 ,1,No,No,Yes,Tommy,Nash,,Yes,0,0,0,United States Dollar - USD,
,,,,,,,,,,,,,,,,,,
5/3/17,Audosis,Project Wildfire,Audosis003,Project Management, 2.87 ,2.5,Yes,No,Yes,Tommy,Nash,,Yes,70,0,0,United States Dollar - USD,
,,,,,,,,,,,,,,,,,,
5/3/17,Audosis,Project Wildfire,Audosis003,Engineering, 2.46 ,2,Yes,No,Yes,Robert,Powell,,Yes,70,0,0,United States Dollar - USD,
,,,,,,,,,,,,,,,,,,
5/3/17,Audosis,Project Wildfire,Audosis003,Engineering, 6.00 ,6,Yes,No,Yes,Robert,Powell,,Yes,70,0,0,United States Dollar - USD,
,,,,,,,,,,,,,,,,,,
5/3/17,Prosaria,Business Development,GM001,Business Development, 0.89 ,1,No,No,Yes,Tommy,Nash,,Yes,0,0,0,United States Dollar - USD,
,,,,,,,,,,,,,,,,,,
5/3/17,Prosaria,Admin/Legal,GM002,Legal, 1.94 ,2,No,No,Yes,Tommy,Nash,,Yes,0,0,0,United States Dollar - USD,
,,,,,,,,,,,,,,,,,,
5/3/17,Twitri,CLOB Rearchitecture,BGC001,Business Relationship Management, 1.66 ,1.5,No,No,Yes,Tommy,Nash,,Yes,0,0,0,United States Dollar - USD,
,,,,,,,,,,,,,,,,,,
5/3/17,Audosis,Project Wildfire,Audosis003,Engineering, 7.60 ,8,Yes,No,Yes,Tabitha,Jenkins,,Yes,70,0,0,United States Dollar - USD,
,,,,,,,,,,,,,,,,,,
5/3/17,Prosaria,Business Development,GM001,Business Development, 2.44 ,2,No,No,Yes,Neal,Gordon,,Yes,0,0,0,United States Dollar - USD,
,,,,,,,,,,,,,,,,,,
5/3/17,Roonder Technologies LLC,Roonder 3.0,TM001,Engineering, 3.54 ,4,Yes,Yes,Yes,Neal,Gordon,,Yes,70,0,0,United States Dollar - USD,
,,,,,,,,,,,,,,,,,,
5/3/17,Audosis,Project Wildfire,Audosis003,Engineering, 1.05 ,1,Yes,No,Yes,Neal,Gordon,,Yes,70,0,0,United States Dollar - USD,
,,,,,,,,,,,,,,,,,,
5/3/17,Olith,Pharos,DV002,Engineering, 1.30 ,1,Yes,No,Yes,Neal,Gordon,,Yes,80,0,0,United States Dollar - USD,
,,,,,,,,,,,,,,,,,,
5/3/17,Audosis,Project Wildfire,Audosis003,Engineering, 8.44 ,8,Yes,No,Yes,Eugene,Kim,,Yes,70,0,0,United States Dollar - USD,
,,,,,,,,,,,,,,,,,,
5/3/17,Twitri,CLOB Rearchitecture,BGC001,Project Management, 0.66 ,1,Yes,No,Yes,Walter,Silva,Product,Yes,50,0,0,United States Dollar - USD,
,,,,,,,,,,,,,,,,,,
5/3/17,Audosis,Project Wildfire,Audosis003,Project Management, 3.21 ,3,Yes,No,Yes,Walter,Silva,Product,Yes,70,0,0,United States Dollar - USD,
,,,,,,,,,,,,,,,,,,
5/3/17,Prosaria,Business Development,GM001,Business Development, 3.62 ,3.5,No,No,Yes,Walter,Silva,Product,Yes,0,0,0,United States Dollar - USD,
,,,,,,,,,,,,,,,,,,
5/3/17,Roonder Technologies LLC,Roonder 3.0,TM001,Project Management, 1.26 ,1.5,Yes,Yes,Yes,Walter,Silva,Product,Yes,70,0,0,United States Dollar - USD,
,,,,,,,,,,,,,,,,,,
5/3/17,Olith,Pharos,DV002,Engineering, 8.43 ,8,Yes,No,Yes,Hubert,Green,Engineering,Yes,80,0,0,United States Dollar - USD,
,,,,,,,,,,,,,,,,,,
5/3/17,Olith,Pharos,DV002,Engineering, 8.35 ,8,Yes,No,Yes,Emma,Clarke,,Yes,80,0,0,United States Dollar - USD,
,,,,,,,,,,,,,,,,,,
5/3/17,Olith,Pharos,DV002,Engineering, 8.35 ,8,Yes,No,Yes,Rudy,Parker,Engineering,Yes,80,0,0,United States Dollar - USD,
,,,,,,,,,,,,,,,,,,
5/3/17,Roonder Technologies LLC,Roonder 3.0,TM001,Engineering, 7.72 ,8,Yes,Yes,Yes,Faye,Cain,,Yes,70,0,0,United States Dollar - USD,
,,,,,,,,,,,,,,,,,,
5/3/17,Audosis,Project Wildfire,Audosis003,Design, 6.50 ,6.5,Yes,No,Yes,Bernice,Rivera,,Yes,70,0,0,United States Dollar - USD,
,,,,,,,,,,,,,,,,,,
5/3/17,Prosaria,Admin/Legal,GM002,Dunning, 1.16 ,1.5,No,No,Yes,Bernice,Rivera,,Yes,0,0,0,United States Dollar - USD,
,,,,,,,,,,,,,,,,,,
5/4/17,Olith,Pharos,DV002,Engineering, 4.08 ,4,Yes,No,Yes,Bradley,Hale,,Yes,80,0,0,United States Dollar - USD,
,,,,,,,,,,,,,,,,,,
5/4/17,Prosaria,Business Development,GM001,Business Development, 4.49 ,4,No,No,Yes,Bradley,Hale,,Yes,0,0,0,United States Dollar - USD,
,,,,,,,,,,,,,,,,,,
5/4/17,Roonder Technologies LLC,Roonder 3.0,TM001,Engineering, 5.58 ,6,Yes,Yes,Yes,Catherine,Ford,,Yes,70,0,0,United States Dollar - USD,
,,,,,,,,,,,,,,,,,,
5/4/17,Twitri,CLOB Rearchitecture,BGC001,Business Relationship Management, 2.13 ,2,No,No,Yes,Tommy,Nash,,Yes,0,0,0,United States Dollar - USD,
,,,,,,,,,,,,,,,,,,
5/4/17,Prosaria,Recruiting,GM018,Recruiting, 0.43 ,0.5,No,No,Yes,Tommy,Nash,,Yes,0,0,0,United States Dollar - USD,
,,,,,,,,,,,,,,,,,,
5/4/17,Prosaria,Admin/Legal,GM002,Legal, 1.11 ,1,No,No,Yes,Tommy,Nash,,Yes,0,0,0,United States Dollar - USD,
,,,,,,,,,,,,,,,,,,
5/4/17,Prosaria,Team Development (Non-Training),GM006,Business Development, 1.12 ,1,No,No,Yes,Tommy,Nash,,Yes,0,0,0,United States Dollar - USD,
,,,,,,,,,,,,,,,,,,
5/4/17,Audosis,Project Wildfire,Audosis003,Engineering, 2.11 ,2,Yes,No,Yes,Tommy,Nash,,Yes,70,0,0,United States Dollar - USD,
,,,,,,,,,,,,,,,,,,
5/4/17,Prosaria,Admin/Legal,GM002,Legal, 0.72 ,0.5,No,No,Yes,Tommy,Nash,,Yes,0,0,0,United States Dollar - USD,
,,,,,,,,,,,,,,,,,,
5/4/17,Olith,Pharos,DV002,Engineering, 8.32 ,8,Yes,No,Yes,Hubert,Green,Engineering,Yes,80,0,0,United States Dollar - USD,
,,,,,,,,,,,,,,,,,,
5/4/17,Prosaria,Business Development,GM001,Business Development, 1.28 ,1,No,No,Yes,Tommy,Nash,,Yes,0,0,0,United States Dollar - USD,
,,,,,,,,,,,,,,,,,,
5/4/17,Audosis,Project Wildfire,Audosis003,Engineering, 7.81 ,8,Yes,No,Yes,Eugene,Kim,,Yes,70,0,0,United States Dollar - USD,
,,,,,,,,,,,,,,,,,,
5/4/17,Olith,Pharos,DV002,Engineering, 8.44 ,8,Yes,No,Yes,Emma,Clarke,,Yes,80,0,0,United States Dollar - USD,
,,,,,,,,,,,,,,,,,,
5/4/17,Olith,Pharos,DV002,Engineering, 7.95 ,8,Yes,No,Yes,Rudy,Parker,Engineering,Yes,80,0,0,United States Dollar - USD,
,,,,,,,,,,,,,,,,,,
5/4/17,Roonder Technologies LLC,Roonder 3.0,TM001,Engineering, 7.65 ,8,Yes,Yes,Yes,Faye,Cain,,Yes,70,0,0,United States Dollar - USD,
,,,,,,,,,,,,,,,,,,
5/4/17,Roonder Technologies LLC,Roonder 3.0,TM001,Project Management, 1.88 ,2,Yes,Yes,Yes,Walter,Silva,Product,Yes,70,0,0,United States Dollar - USD,
,,,,,,,,,,,,,,,,,,
5/4/17,Audosis,Project Wildfire,Audosis003,Engineering, 8.40 ,8,Yes,No,Yes,Tabitha,Jenkins,,Yes,70,0,0,United States Dollar - USD,
,,,,,,,,,,,,,,,,,,
5/4/17,Prosaria,Business Development,GM001,Business Development, 4.35 ,4,No,No,Yes,Walter,Silva,Product,Yes,0,0,0,United States Dollar - USD,
,,,,,,,,,,,,,,,,,,
5/4/17,Audosis,Project Wildfire,Audosis003,Project Management, 2.00 ,2,Yes,No,Yes,Walter,Silva,Product,Yes,70,0,0,United States Dollar - USD,
,,,,,,,,,,,,,,,,,,
5/4/17,Prosaria,Training,GM017,Engineering, 1.92 ,2,No,No,Yes,Catherine,Ford,,Yes,0,0,0,United States Dollar - USD,
,,,,,,,,,,,,,,,,,,
5/4/17,Audosis,Project Wildfire,Audosis003,Engineering, 8.45 ,8,Yes,No,Yes,Robert,Powell,,Yes,70,0,0,United States Dollar - USD,
,,,,,,,,,,,,,,,,,,
5/4/17,Audosis,Project Wildfire,Audosis003,Engineering, 1.31 ,1,Yes,No,Yes,Neal,Gordon,,Yes,70,0,0,United States Dollar - USD,
,,,,,,,,,,,,,,,,,,
5/4/17,Olith,Pharos,DV002,Engineering, 1.04 ,1,Yes,No,Yes,Neal,Gordon,,Yes,80,0,0,United States Dollar - USD,
,,,,,,,,,,,,,,,,,,
5/4/17,Roonder Technologies LLC,Roonder 3.0,TM001,Engineering, 4.63 ,5,Yes,Yes,Yes,Neal,Gordon,,Yes,70,0,0,United States Dollar - USD,
,,,,,,,,,,,,,,,,,,
5/4/17,Prosaria,Business Development,GM001,Business Development, 1.25 ,1,No,No,Yes,Neal,Gordon,,Yes,0,0,0,United States Dollar - USD,
,,,,,,,,,,,,,,,,,,
5/5/17,Prosaria,Business Development,GM001,Business Development, 7.53 ,8,No,No,Yes,Bradley,Hale,,Yes,0,0,0,United States Dollar - USD,
,,,,,,,,,,,,,,,,,,
5/5/17,Roonder Technologies LLC,Roonder 3.0,TM001,Engineering, 5.45 ,5.5,Yes,Yes,Yes,Faye,Cain,,Yes,70,0,0,United States Dollar - USD,
,,,,,,,,,,,,,,,,,,
5/5/17,Prosaria,Team Development (Non-Training),GM006,Business Development, 2.13 ,2.5,No,No,Yes,Faye,Cain,,Yes,0,0,0,United States Dollar - USD,
,,,,,,,,,,,,,,,,,,
5/5/17,Audosis,Project Wildfire,Audosis003,Engineering, 8.02 ,8,Yes,No,Yes,Tabitha,Jenkins,,Yes,70,0,0,United States Dollar - USD,
,,,,,,,,,,,,,,,,,,
5/5/17,Roonder Technologies LLC,Roonder 3.0,TM001,Engineering, 0.90 ,0.5,Yes,Yes,Yes,Catherine,Ford,,Yes,70,0,0,United States Dollar - USD,
,,,,,,,,,,,,,,,,,,
5/5/17,Prosaria,Team Development (Non-Training),GM006,Business Development, 2.14 ,2,No,No,Yes,Catherine,Ford,,Yes,0,0,0,United States Dollar - USD,
,,,,,,,,,,,,,,,,,,
5/5/17,Roonder Technologies LLC,Roonder 3.0,TM001,Project Management, 0.86 ,0.5,Yes,Yes,Yes,Catherine,Ford,,Yes,70,0,0,United States Dollar - USD,
,,,,,,,,,,,,,,,,,,
5/5/17,Roonder Technologies LLC,Roonder 3.0,TM001,Engineering, 1.77 ,2,Yes,Yes,Yes,Catherine,Ford,,Yes,70,0,0,United States Dollar - USD,
,,,,,,,,,,,,,,,,,,
5/5/17,Roonder Technologies LLC,Roonder 3.0,TM001,Engineering, 2.91 ,3,Yes,Yes,Yes,Catherine,Ford,,Yes,70,0,0,United States Dollar - USD,
,,,,,,,,,,,,,,,,,,
5/5/17,Audosis,Project Wildfire,Audosis003,Engineering, 7.67 ,8,Yes,No,Yes,Robert,Powell,,Yes,70,0,0,United States Dollar - USD,
,,,,,,,,,,,,,,,,,,
5/5/17,Prosaria,Business Development,GM001,Business Development, 0.96 ,1,No,No,Yes,Neal,Gordon,,Yes,0,0,0,United States Dollar - USD,
,,,,,,,,,,,,,,,,,,
5/5/17,Prosaria,Business Development,GM001,Business Development, 1.08 ,1,No,No,Yes,Neal,Gordon,,Yes,0,0,0,United States Dollar - USD,
,,,,,,,,,,,,,,,,,,
5/5/17,Prosaria,Business Development,GM001,Business Development, 0.97 ,1,No,No,Yes,Neal,Gordon,,Yes,0,0,0,United States Dollar - USD,
,,,,,,,,,,,,,,,,,,
5/5/17,Prosaria,Business Development,GM001,Business Development, 1.58 ,1.5,No,No,Yes,Neal,Gordon,,Yes,0,0,0,United States Dollar - USD,
,,,,,,,,,,,,,,,,,,
5/5/17,Audosis,Project Wildfire,Audosis003,Engineering, 0.81 ,0.5,Yes,No,Yes,Neal,Gordon,,Yes,70,0,0,United States Dollar - USD,
,,,,,,,,,,,,,,,,,,
5/5/17,Prosaria,Business Development,GM001,Business Development, 1.24 ,1,No,No,Yes,Neal,Gordon,,Yes,0,0,0,United States Dollar - USD,
,,,,,,,,,,,,,,,,,,
5/5/17,Roonder Technologies LLC,Roonder 3.0,TM001,Engineering, 1.65 ,2,Yes,Yes,Yes,Neal,Gordon,,Yes,70,0,0,United States Dollar - USD,
,,,,,,,,,,,,,,,,,,
5/5/17,Prosaria,Team Development (Non-Training),GM006,Business Development, 1.53 ,2,No,No,Yes,Tommy,Nash,,Yes,0,0,0,United States Dollar - USD,
,,,,,,,,,,,,,,,,,,
5/5/17,Prosaria,Team Development (Non-Training),GM006,Business Development, 1.44 ,1,No,No,Yes,Tommy,Nash,,Yes,0,0,0,United States Dollar - USD,
,,,,,,,,,,,,,,,,,,
5/5/17,Prosaria,Business Development,GM001,Business Development, 0.84 ,1,No,No,Yes,Tommy,Nash,,Yes,0,0,0,United States Dollar - USD,
,,,,,,,,,,,,,,,,,,
5/5/17,Prosaria,Business Development,GM001,Business Development, 0.36 ,0.5,No,No,Yes,Tommy,Nash,,Yes,0,0,0,United States Dollar - USD,
,,,,,,,,,,,,,,,,,,
5/5/17,Prosaria,Team Development (Non-Training),GM006,Business Development, 0.65 ,0.5,No,No,Yes,Tommy,Nash,,Yes,0,0,0,United States Dollar - USD,
,,,,,,,,,,,,,,,,,,
5/5/17,Prosaria,Business Development,GM001,Business Development, 1.74 ,1.5,No,No,Yes,Tommy,Nash,,Yes,0,0,0,United States Dollar - USD,
,,,,,,,,,,,,,,,,,,
5/5/17,Twitri,CLOB Rearchitecture,BGC001,Business Relationship Management, 0.57 ,0.5,No,No,Yes,Tommy,Nash,,Yes,0,0,0,United States Dollar - USD,
,,,,,,,,,,,,,,,,,,
5/5/17,Audosis,Project Wildfire,Audosis003,Business Relationship Management, 0.78 ,1,No,No,Yes,Tommy,Nash,,Yes,0,0,0,United States Dollar - USD,
,,,,,,,,,,,,,,,,,,
5/5/17,Audosis,Project Wildfire,Audosis003,Engineering, 6.15 ,6.5,Yes,No,Yes,Eugene,Kim,,Yes,70,0,0,United States Dollar - USD,
,,,,,,,,,,,,,,,,,,
5/5/17,Prosaria,Team Development (Non-Training),GM006,Business Development, 2.34 ,2,No,No,Yes,Eugene,Kim,,Yes,0,0,0,United States Dollar - USD,
,,,,,,,,,,,,,,,,,,
5/5/17,Prosaria,Team Development (Non-Training),GM006,Business Development, 0.78 ,1,No,No,Yes,Rudy,Parker,Engineering,Yes,0,0,0,United States Dollar - USD,
,,,,,,,,,,,,,,,,,,
5/5/17,Olith,Pharos,DV002,Design, 0.23 ,0.5,Yes,No,Yes,Rudy,Parker,Engineering,Yes,80,0,0,United States Dollar - USD,
,,,,,,,,,,,,,,,,,,
5/5/17,Olith,Pharos,DV002,Engineering, 6.97 ,7,Yes,No,Yes,Hubert,Green,Engineering,Yes,80,0,0,United States Dollar - USD,
,,,,,,,,,,,,,,,,,,
5/5/17,Prosaria,Team Development (Non-Training),GM006,Business Development, 1.44 ,1,No,No,Yes,Hubert,Green,Engineering,Yes,0,0,0,United States Dollar - USD,
,,,,,,,,,,,,,,,,,,
5/5/17,Anil,React Native,RD002,Engineering, 5.52 ,5.5,No,No,Yes,Rudy,Parker,Engineering,Yes,0,0,0,United States Dollar - USD,
,,,,,,,,,,,,,,,,,,
5/5/17,Audosis,Project Wildfire,Audosis003,Project Management, 1.42 ,1.5,Yes,No,Yes,Walter,Silva,Product,Yes,70,0,0,United States Dollar - USD,
,,,,,,,,,,,,,,,,,,
5/5/17,Prosaria,Business Development,GM001,Business Development, 4.85 ,4.5,No,No,Yes,Walter,Silva,Product,Yes,0,0,0,United States Dollar - USD,
,,,,,,,,,,,,,,,,,,
5/5/17,Roonder Technologies LLC,Roonder 3.0,TM001,Project Management, 3.47 ,3,Yes,Yes,Yes,Walter,Silva,Product,Yes,70,0,0,United States Dollar - USD,
,,,,,,,,,,,,,,,,,,
5/5/17,Prosaria,Business Development,GM001,Business Development, 0.53 ,1,No,No,Yes,Rudy,Parker,Engineering,Yes,0,0,0,United States Dollar - USD,
,,,,,,,,,,,,,,,,,,
5/5/17,Olith,Pharos,DV002,Engineering, 7.10 ,7,Yes,No,Yes,Emma,Clarke,,Yes,80,0,0,United States Dollar - USD,
,,,,,,,,,,,,,,,,,,
5/5/17,Prosaria,Team Development (Non-Training),GM006,Business Development, 1.05 ,1,No,No,Yes,Emma,Clarke,,Yes,0,0,0,United States Dollar - USD,
,,,,,,,,,,,,,,,,,,
5/8/17,Audosis,Project Wildfire,Audosis003,Project Management, 3.08 ,3,Yes,No,No,Walter,Silva,Product,Yes,70,0,0,United States Dollar - USD,
,,,,,,,,,,,,,,,,,,
5/8/17,Roonder Technologies LLC,Roonder 3.0,TM001,Project Management, 0.47 ,0.5,Yes,No,No,Walter,Silva,Product,Yes,70,0,0,United States Dollar - USD,
,,,,,,,,,,,,,,,,,,
5/8/17,Prosaria,Business Development,GM001,Business Development, 0.40 ,0.5,No,No,No,Walter,Silva,Product,Yes,0,0,0,United States Dollar - USD,
,,,,,,,,,,,,,,,,,,
5/8/17,Audosis,Project Wildfire,Audosis003,Project Management, 0.90 ,0.5,Yes,No,No,Tommy,Nash,,Yes,70,0,0,United States Dollar - USD,
,,,,,,,,,,,,,,,,,,
5/8/17,Twitri,CLOB Rearchitecture,BGC001,Business Relationship Management, 1.06 ,1,No,No,No,Tommy,Nash,,Yes,0,0,0,United States Dollar - USD,
,,,,,,,,,,,,,,,,,,
5/8/17,Prosaria,Business Development,GM001,Business Development, 0.93 ,0.5,No,No,No,Tommy,Nash,,Yes,0,0,0,United States Dollar - USD,
,,,,,,,,,,,,,,,,,,
5/8/17,Roonder Technologies LLC,Roonder 3.0,TM001,Business Relationship Management, 0.65 ,0.5,No,No,No,Tommy,Nash,,Yes,0,0,0,United States Dollar - USD,
,,,,,,,,,,,,,,,,,,
5/8/17,Olith,Pharos,DV002,Engineering, 0.68 ,1,Yes,No,No,Bradley,Hale,,Yes,80,0,0,United States Dollar - USD,
,,,,,,,,,,,,,,,,,,
5/8/17,Roonder Technologies LLC,Roonder 3.0,TM001,Engineering, 1.00 ,1,Yes,No,No,Neal,Gordon,,Yes,70,0,0,United States Dollar - USD,
,,,,,,,,,,,,,,,,,,
5/8/17,Roonder Technologies LLC,Roonder 3.0,TM001,Engineering, 1.24 ,1,Yes,No,No,Neal,Gordon,,Yes,70,0,0,United States Dollar - USD,
,,,,,,,,,,,,,,,,,,
5/8/17,Audosis,Project Wildfire,Audosis003,Engineering, 3.81 ,4,Yes,No,No,Robert,Powell,,Yes,70,0,0,United States Dollar - USD,
,,,,,,,,,,,,,,,,,,
5/8/17,Roonder Technologies LLC,Roonder 3.0,TM001,Engineering, 4.24 ,4,Yes,No,No,Catherine,Ford,,Yes,70,0,0,United States Dollar - USD,
,,,,,,,,,,,,,,,,,,
5/8/17,Prosaria,Business Development,GM001,Business Development, 0.64 ,1,No,No,No,Walter,Silva,Product,Yes,0,0,0,United States Dollar - USD,
,,,,,,,,,,,,,,,,,,
5/8/17,Prosaria,Business Development,GM001,Business Development, 1.74 ,2,No,No,No,Tommy,Nash,,Yes,0,0,0,United States Dollar - USD,